,x,y,Subtypes,colors,Channels,idx,indices
MolWeight,0.07085419,-0.4512222,Property,#ff6a00,Property,0,278
MolExactWeight,0.08861209,-0.42760387,Property,#ff6a00,Property,1,316
MolAverageWeight,2.4481297,2.3224375,Property,#ff6a00,Property,2,992
MolHeavyAtomWeight,-0.025539331,-0.24551909,Property,#ff6a00,Property,3,352
MolFilterItLogS,-2.1819754,3.1703343,Property,#ff6a00,Property,4,1081
MolSLogP,-0.22014084,-0.87625057,Property,#ff6a00,Property,5,164
MolQedWeightsMax,2.2530897,2.1361134,Property,#ff6a00,Property,6,916
MolQedWeightsMean,2.247644,2.1871617,Property,#ff6a00,Property,7,953
MolQedWeightsNone,2.3237908,2.1974542,Property,#ff6a00,Property,8,954
MolRefractivity,0.008047754,-0.6311957,Property,#ff6a00,Property,9,240
MolFractionCSP3,1.4902763,2.4851093,Property,#ff6a00,Property,10,1061
MolHydrophilicityFactor,-2.0920134,3.2194853,Property,#ff6a00,Property,11,1120
MolUnsaturationIndex,1.7377484,0.6668504,Property,#ff6a00,Property,12,546
MolFpDensityMorgan1,2.4312897,2.1438153,Property,#ff6a00,Property,13,955
MolFpDensityMorgan3,2.409872,2.1356215,Property,#ff6a00,Property,14,917
MolTPSA,-0.49730185,1.9186049,Property,#ff6a00,Property,15,904
NumRadicalElectrons,-1.2205299,-0.7765246,Property,#ff6a00,Property,16,156
NumValenceElectrons,0.1145562,-0.48972577,Property,#ff6a00,Property,17,317
NumHydrogenAtoms,0.28586358,-1.6216103,Constitution,#ffd500,Constitution,18,58
NumHalogenAtoms,-1.1030866,0.8404603,Constitution,#ffd500,Constitution,19,566
NumHeteroAtoms,-0.30766883,1.3198175,Constitution,#ffd500,Constitution,20,720
NumBridgeheadAtoms,0.08420282,0.35747424,Constitution,#ffd500,Constitution,21,427
NumSpiroAtoms,0.31579775,0.41639525,Constitution,#ffd500,Constitution,22,502
NumAllAtoms,0.3606694,-1.3704997,Constitution,#ffd500,Constitution,23,133
NumRings,0.3172376,0.6856637,Constitution,#ffd500,Constitution,24,576
NumAromaticRings,0.38003585,1.035377,Constitution,#ffd500,Constitution,25,688
NumSaturatedRings,0.40918028,0.51642424,Constitution,#ffd500,Constitution,26,539
NumAliphaticRings,0.42009318,0.49217433,Constitution,#ffd500,Constitution,27,540
NumAromaticBonds,0.36380473,0.98553216,Constitution,#ffd500,Constitution,28,651
NumAmideBonds,-0.22969775,1.6010172,Constitution,#ffd500,Constitution,29,832
NumHeteroCycles,1.012214,1.0194027,Constitution,#ffd500,Constitution,30,690
NumAliphaticCarbocycles,0.3729956,0.2892127,Constitution,#ffd500,Constitution,31,429
NumAliphaticHeterocycles,0.56535196,1.3411976,Constitution,#ffd500,Constitution,32,762
NumAromaticCarbocycles,0.18414114,1.1311853,Constitution,#ffd500,Constitution,33,722
NumAromaticHeterocycles,1.138651,1.0935656,Constitution,#ffd500,Constitution,34,654
NumSaturatedCarbocycles,0.33597568,0.30818346,Constitution,#ffd500,Constitution,35,428
NumSaturatedHeterocycles,0.62779117,1.4481258,Constitution,#ffd500,Constitution,36,799
NumAtomStereoCenters,-0.23723982,-1.5469227,Constitution,#ffd500,Constitution,37,88
NumUnspecifiedAtomStereoCenters,-0.18010986,-1.5280186,Constitution,#ffd500,Constitution,38,90
NumCarbonAtoms,-0.09147526,-0.62137073,Constitution,#ffd500,Constitution,39,276
NumFluorineAtoms,-1.1864301,0.8373662,Constitution,#ffd500,Constitution,40,601
NumChlorineAtoms,2.4660804,-0.3873834,Constitution,#ffd500,Constitution,41,329
NumBromineAtoms,2.2607586,-0.9925595,Constitution,#ffd500,Constitution,42,179
NumIodineAtoms,1.831993,-0.93470716,Constitution,#ffd500,Constitution,43,176
NumSulfurAtoms,1.4641227,1.1238601,Constitution,#ffd500,Constitution,44,693
NumPhosphorousAtoms,-1.3349618,0.021978075,Constitution,#ffd500,Constitution,45,342
NumAcyclicNitrogenAtoms,0.23025806,2.2219777,Constitution,#ffd500,Constitution,46,982
NumCyclicNitrogenAtoms,1.1011655,1.1800327,Constitution,#ffd500,Constitution,47,765
NumAcyclicOxygenAtoms,-0.7362768,1.6575857,Constitution,#ffd500,Constitution,48,826
NumCyclicOxygenAtoms,0.52488035,1.1431262,Constitution,#ffd500,Constitution,49,689
NumHeavyAtoms,0.06423134,-0.342937,Constitution,#ffd500,Constitution,50,353
NumAcyclicSingleBonds,0.5228441,-1.3503236,Constitution,#ffd500,Constitution,51,135
NumAcyclicDoubleBonds,-0.36105445,1.559333,Constitution,#ffd500,Constitution,52,793
NumAcyclicTripleBonds,0.0008341297,3.810345,Constitution,#ffd500,Constitution,53,1242
NumCyclicSingleBonds,0.22473809,0.41974962,Constitution,#ffd500,Constitution,54,464
NumCyclicDoubleBonds,0.3242703,1.080666,Constitution,#ffd500,Constitution,55,725
NumCyclicTripleBonds,0.077102005,1.039973,Constitution,#ffd500,Constitution,56,684
NumRotatableBonds,0.6772971,-1.4930242,Constitution,#ffd500,Constitution,57,99
NumHydrogenBondAcceptorSites,-0.5299049,1.7677504,Constitution,#ffd500,Constitution,58,866
NumHydrogenBondAcceptorAtoms,-0.2710881,1.6940755,Constitution,#ffd500,Constitution,59,905
NumHydrogenBondDonorSites,-0.18683034,2.4497633,Constitution,#ffd500,Constitution,60,1054
NumHydrogenBondDonorAtoms,-0.26638228,2.324089,Constitution,#ffd500,Constitution,61,1017
NegativeCharges,-0.512405,2.2868552,Constitution,#ffd500,Constitution,62,1015
PositiveCharges,-0.5592838,2.3992295,Constitution,#ffd500,Constitution,63,1052
AcyclicSingleValentNodes,-0.7297375,0.5988857,Constitution,#ffd500,Constitution,64,493
AcyclicDivalentNodes,0.8264815,-1.5375068,Constitution,#ffd500,Constitution,65,101
AcyclicTrivalentNodes,-0.21430752,1.4626552,Constitution,#ffd500,Constitution,66,758
AcyclicTetravalentNodes,-1.1830944,0.48461625,Constitution,#ffd500,Constitution,67,455
CyclicDivalentNodes,0.28131062,0.6412274,Constitution,#ffd500,Constitution,68,575
CyclicTrivalentNodes,0.16452539,0.6443868,Constitution,#ffd500,Constitution,69,574
CyclicTetravalentNodes,0.048029505,0.22091702,Constitution,#ffd500,Constitution,70,426
3MemberedRings,0.6540854,0.49451697,Constitution,#ffd500,Constitution,71,542
4MemberedRings,0.3853456,0.41668802,Constitution,#ffd500,Constitution,72,503
5MemberedRings,0.81883836,0.8593205,Constitution,#ffd500,Constitution,73,615
6MemberedRings,0.24015866,0.7388982,Constitution,#ffd500,Constitution,74,611
7MemberedRings,0.3043859,-0.5815456,Constitution,#ffd500,Constitution,75,281
8MemberedRings,-0.9894292,-1.2833902,Constitution,#ffd500,Constitution,76,83
9MemberedRings,-0.77133185,-1.6705388,Constitution,#ffd500,Constitution,77,48
10MemberedRings,-0.28348687,0.31492686,Constitution,#ffd500,Constitution,78,460
NodesSharedby2Rings,0.0980968,0.661228,Constitution,#ffd500,Constitution,79,610
EdgesSharedby2Rings,0.09123518,0.5767391,Constitution,#ffd500,Constitution,80,573
ATS0dv,-0.3704356,0.93109494,Autocorr,#bfff00,Autocorr,81,608
ATS1dv,-0.1944467,0.743277,Autocorr,#bfff00,Autocorr,82,609
ATS2dv,-0.27594626,0.74369705,Autocorr,#bfff00,Autocorr,83,571
ATS3dv,-0.2672622,0.6609035,Autocorr,#bfff00,Autocorr,84,534
ATS4dv,-0.2619897,0.5113272,Autocorr,#bfff00,Autocorr,85,497
ATS5dv,-0.39706546,0.3804345,Autocorr,#bfff00,Autocorr,86,496
ATS6dv,-0.37123376,0.30098966,Autocorr,#bfff00,Autocorr,87,459
ATS7dv,-0.48557574,0.25843,Autocorr,#bfff00,Autocorr,88,458
ATS8dv,-0.64588296,0.07436675,Autocorr,#bfff00,Autocorr,89,383
ATS0d,-0.10378101,-0.30352646,Autocorr,#bfff00,Autocorr,90,349
ATS1d,-0.27466056,-0.3401722,Autocorr,#bfff00,Autocorr,91,273
ATS2d,-0.25985777,-0.5120266,Autocorr,#bfff00,Autocorr,92,274
ATS3d,-0.36736766,-0.7926577,Autocorr,#bfff00,Autocorr,93,236
ATS4d,-0.6134904,-1.1226157,Autocorr,#bfff00,Autocorr,94,125
ATS5d,-0.736091,-1.2268412,Autocorr,#bfff00,Autocorr,95,87
ATS6d,-0.8651231,-1.4160293,Autocorr,#bfff00,Autocorr,96,86
ATS7d,-0.93933016,-1.297438,Autocorr,#bfff00,Autocorr,97,84
ATS8d,-1.0247824,-1.362905,Autocorr,#bfff00,Autocorr,98,44
ATS0s,-0.77680284,0.87917066,Autocorr,#bfff00,Autocorr,99,568
ATS1s,-6.337811,6.8492146,Autocorr,#bfff00,Autocorr,100,1261
ATS2s,-0.66637534,0.74461836,Autocorr,#bfff00,Autocorr,101,569
ATS3s,-0.6240639,0.7812013,Autocorr,#bfff00,Autocorr,102,570
ATS4s,-0.6641592,0.6395451,Autocorr,#bfff00,Autocorr,103,494
ATS5s,-0.64771557,0.6791873,Autocorr,#bfff00,Autocorr,104,531
ATS6s,-0.6088232,0.45424733,Autocorr,#bfff00,Autocorr,105,457
ATS7s,-0.73081553,0.29098767,Autocorr,#bfff00,Autocorr,106,419
ATS8s,-0.6481015,0.16747634,Autocorr,#bfff00,Autocorr,107,420
ATS0Z,1.7182835,-0.8901431,Autocorr,#bfff00,Autocorr,108,248
ATS1Z,-0.113947526,-0.41615224,Autocorr,#bfff00,Autocorr,109,275
ATS2Z,-0.2716333,-0.3084072,Autocorr,#bfff00,Autocorr,110,311
ATS3Z,-0.6371751,-0.24955754,Autocorr,#bfff00,Autocorr,111,347
ATS4Z,-0.7269803,-0.26126373,Autocorr,#bfff00,Autocorr,112,346
ATS5Z,-0.86054146,-0.37513083,Autocorr,#bfff00,Autocorr,113,271
ATS6Z,-0.85039985,-0.3218995,Autocorr,#bfff00,Autocorr,114,307
ATS7Z,-0.92397845,-0.36842614,Autocorr,#bfff00,Autocorr,115,269
ATS8Z,-0.8617515,-0.2743072,Autocorr,#bfff00,Autocorr,116,344
ATS0m,1.7792952,-0.9272472,Autocorr,#bfff00,Autocorr,117,211
ATS1m,-0.13216832,-0.32641238,Autocorr,#bfff00,Autocorr,118,312
ATS2m,-0.2720773,-0.23620068,Autocorr,#bfff00,Autocorr,119,348
ATS3m,-0.7365593,-0.2495341,Autocorr,#bfff00,Autocorr,120,382
ATS4m,-0.78023285,-0.3229919,Autocorr,#bfff00,Autocorr,121,272
ATS5m,-0.80044657,-0.3226921,Autocorr,#bfff00,Autocorr,122,309
ATS6m,-0.8115797,-0.2837143,Autocorr,#bfff00,Autocorr,123,345
ATS7m,-0.9561962,-0.31558257,Autocorr,#bfff00,Autocorr,124,306
ATS8m,-0.84245086,-0.30571705,Autocorr,#bfff00,Autocorr,125,308
ATS0v,0.066825844,-0.5489821,Autocorr,#bfff00,Autocorr,126,241
ATS1v,-0.12990434,-0.686928,Autocorr,#bfff00,Autocorr,127,239
ATS2v,-0.2919373,-0.74593127,Autocorr,#bfff00,Autocorr,128,237
ATS3v,-0.40815014,-0.8601346,Autocorr,#bfff00,Autocorr,129,200
ATS4v,-0.6405458,-1.0199955,Autocorr,#bfff00,Autocorr,130,161
ATS5v,-0.77915645,-1.1511444,Autocorr,#bfff00,Autocorr,131,123
ATS6v,-0.92520183,-1.3224199,Autocorr,#bfff00,Autocorr,132,85
ATS7v,-0.9298668,-1.287475,Autocorr,#bfff00,Autocorr,133,121
ATS8v,-1.0858661,-1.1991475,Autocorr,#bfff00,Autocorr,134,119
ATS0se,0.4087203,-1.1964288,Autocorr,#bfff00,Autocorr,135,208
ATS1se,0.4029408,-1.2296075,Autocorr,#bfff00,Autocorr,136,171
ATS2se,0.274804,-1.4766325,Autocorr,#bfff00,Autocorr,137,94
ATS3se,0.23742552,-1.6427934,Autocorr,#bfff00,Autocorr,138,56
ATS4se,-0.0069271172,-1.7812382,Autocorr,#bfff00,Autocorr,139,16
ATS5se,-0.26820758,-1.7477157,Autocorr,#bfff00,Autocorr,140,52
ATS6se,-0.73047984,-1.6737497,Autocorr,#bfff00,Autocorr,141,49
ATS7se,-0.84889305,-1.6950238,Autocorr,#bfff00,Autocorr,142,10
ATS8se,-0.96646315,-1.5393472,Autocorr,#bfff00,Autocorr,143,45
ATS0pe,0.31636715,-1.1018378,Autocorr,#bfff00,Autocorr,144,168
ATS1pe,0.29094687,-1.1879352,Autocorr,#bfff00,Autocorr,145,167
ATS2pe,0.31302112,-1.4090773,Autocorr,#bfff00,Autocorr,146,131
ATS3pe,0.2153763,-1.6274801,Autocorr,#bfff00,Autocorr,147,93
ATS4pe,-0.0141829355,-1.7689623,Autocorr,#bfff00,Autocorr,148,54
ATS5pe,-0.31304523,-1.7268782,Autocorr,#bfff00,Autocorr,149,51
ATS6pe,-0.69126976,-1.6706481,Autocorr,#bfff00,Autocorr,150,50
ATS7pe,-0.8901694,-1.6147221,Autocorr,#bfff00,Autocorr,151,47
ATS8pe,-0.9238406,-1.6468151,Autocorr,#bfff00,Autocorr,152,8
ATS0are,0.416847,-1.2308801,Autocorr,#bfff00,Autocorr,153,172
ATS1are,0.3743887,-1.2404693,Autocorr,#bfff00,Autocorr,154,170
ATS2are,0.3231985,-1.4964964,Autocorr,#bfff00,Autocorr,155,96
ATS3are,0.2002034,-1.6414747,Autocorr,#bfff00,Autocorr,156,92
ATS4are,0.03387549,-1.789675,Autocorr,#bfff00,Autocorr,157,17
ATS5are,-0.28596056,-1.7906204,Autocorr,#bfff00,Autocorr,158,14
ATS6are,-0.6934323,-1.6867336,Autocorr,#bfff00,Autocorr,159,12
ATS7are,-0.85368073,-1.6836743,Autocorr,#bfff00,Autocorr,160,9
ATS8are,-1.0014127,-1.5855246,Autocorr,#bfff00,Autocorr,161,6
ATS0p,0.17323884,-0.62533474,Autocorr,#bfff00,Autocorr,162,243
ATS1p,-0.26863134,-0.82198775,Autocorr,#bfff00,Autocorr,163,201
ATS2p,-0.32254294,-0.87400764,Autocorr,#bfff00,Autocorr,164,163
ATS3p,-0.44509226,-0.9100412,Autocorr,#bfff00,Autocorr,165,199
ATS4p,-0.5778378,-1.0177873,Autocorr,#bfff00,Autocorr,166,162
ATS5p,-0.66853184,-1.093583,Autocorr,#bfff00,Autocorr,167,124
ATS6p,-0.8896326,-1.2234147,Autocorr,#bfff00,Autocorr,168,122
ATS7p,-1.003677,-1.3122315,Autocorr,#bfff00,Autocorr,169,82
ATS8p,-1.0555001,-1.2383304,Autocorr,#bfff00,Autocorr,170,81
ATS0i,0.3368972,-1.3863672,Autocorr,#bfff00,Autocorr,171,132
ATS1i,0.3075235,-1.3545536,Autocorr,#bfff00,Autocorr,172,130
ATS2i,0.2858782,-1.5663931,Autocorr,#bfff00,Autocorr,173,59
ATS3i,0.20249102,-1.6565096,Autocorr,#bfff00,Autocorr,174,55
ATS4i,0.10136722,-1.7385014,Autocorr,#bfff00,Autocorr,175,18
ATS5i,-0.19533275,-1.7681085,Autocorr,#bfff00,Autocorr,176,15
ATS6i,-0.58145446,-1.7168832,Autocorr,#bfff00,Autocorr,177,13
ATS7i,-0.7717328,-1.6974813,Autocorr,#bfff00,Autocorr,178,11
ATS8i,-0.9236181,-1.6148027,Autocorr,#bfff00,Autocorr,179,46
AATS0dv,0.93311447,0.08907987,Autocorr,#bfff00,Autocorr,180,394
AATS1dv,1.183797,0.23048373,Autocorr,#bfff00,Autocorr,181,471
AATS2dv,1.035042,0.14680399,Autocorr,#bfff00,Autocorr,182,433
AATS3dv,1.0154525,0.081596866,Autocorr,#bfff00,Autocorr,183,359
AATS4dv,0.968593,0.07829274,Autocorr,#bfff00,Autocorr,184,358
AATS5dv,0.93380874,0.071519196,Autocorr,#bfff00,Autocorr,185,321
AATS6dv,0.9880652,0.119899586,Autocorr,#bfff00,Autocorr,186,432
AATS7dv,0.99312407,0.111329876,Autocorr,#bfff00,Autocorr,187,395
AATS8dv,0.89991385,0.11493877,Autocorr,#bfff00,Autocorr,188,431
AATS0d,2.2387235,0.47248176,Autocorr,#bfff00,Autocorr,189,550
AATS1d,2.261585,0.43509597,Autocorr,#bfff00,Autocorr,190,514
AATS2d,2.1446476,0.38143244,Autocorr,#bfff00,Autocorr,191,475
AATS3d,2.1703265,0.4183234,Autocorr,#bfff00,Autocorr,192,513
AATS4d,2.0771399,0.47801104,Autocorr,#bfff00,Autocorr,193,549
AATS5d,1.9182688,0.5678345,Autocorr,#bfff00,Autocorr,194,547
AATS6d,1.9142634,0.5372518,Autocorr,#bfff00,Autocorr,195,509
AATS7d,1.9975199,0.6842373,Autocorr,#bfff00,Autocorr,196,585
AATS8d,1.930405,0.77507704,Autocorr,#bfff00,Autocorr,197,584
AATS0s,0.61654294,0.12373765,Autocorr,#bfff00,Autocorr,198,392
AATS1s,1.0278416,0.20039554,Autocorr,#bfff00,Autocorr,199,469
AATS2s,0.7733624,0.13367558,Autocorr,#bfff00,Autocorr,200,393
AATS3s,0.9645794,0.059521683,Autocorr,#bfff00,Autocorr,201,322
AATS4s,0.9696456,-0.011595953,Autocorr,#bfff00,Autocorr,202,284
AATS5s,0.8759405,0.012358382,Autocorr,#bfff00,Autocorr,203,320
AATS6s,0.7552991,0.07221995,Autocorr,#bfff00,Autocorr,204,356
AATS7s,0.8865046,0.03104276,Autocorr,#bfff00,Autocorr,205,357
AATS8s,0.8134137,0.052170396,Autocorr,#bfff00,Autocorr,206,319
AATS0Z,1.9027596,-0.80274105,Autocorr,#bfff00,Autocorr,207,249
AATS1Z,2.205692,-0.0766012,Autocorr,#bfff00,Autocorr,208,401
AATS2Z,2.0688436,-0.27682656,Autocorr,#bfff00,Autocorr,209,363
AATS3Z,2.0299516,-0.4368327,Autocorr,#bfff00,Autocorr,210,326
AATS4Z,2.0617046,-0.56918603,Autocorr,#bfff00,Autocorr,211,252
AATS5Z,2.034998,-0.47330594,Autocorr,#bfff00,Autocorr,212,289
AATS6Z,2.0205612,-0.47165766,Autocorr,#bfff00,Autocorr,213,324
AATS7Z,2.024512,-0.4083459,Autocorr,#bfff00,Autocorr,214,325
AATS8Z,2.0273466,-0.47524962,Autocorr,#bfff00,Autocorr,215,288
AATS0m,1.8421303,-0.9604903,Autocorr,#bfff00,Autocorr,216,140
AATS1m,2.1180522,-0.14864124,Autocorr,#bfff00,Autocorr,217,364
AATS2m,2.0153303,-0.3319469,Autocorr,#bfff00,Autocorr,218,362
AATS3m,2.0806496,-0.6079515,Autocorr,#bfff00,Autocorr,219,253
AATS4m,2.0369625,-0.46865526,Autocorr,#bfff00,Autocorr,220,327
AATS5m,2.0052433,-0.5581176,Autocorr,#bfff00,Autocorr,221,251
AATS6m,2.0657415,-0.51400095,Autocorr,#bfff00,Autocorr,222,290
AATS7m,2.002044,-0.497465,Autocorr,#bfff00,Autocorr,223,287
AATS8m,1.9676447,-0.53351957,Autocorr,#bfff00,Autocorr,224,250
AATS0v,2.2909722,0.44648018,Autocorr,#bfff00,Autocorr,225,478
AATS1v,2.3162262,0.5030099,Autocorr,#bfff00,Autocorr,226,479
AATS2v,2.2190747,0.33924785,Autocorr,#bfff00,Autocorr,227,477
AATS3v,2.180374,0.28703108,Autocorr,#bfff00,Autocorr,228,439
AATS4v,2.014016,0.31923583,Autocorr,#bfff00,Autocorr,229,473
AATS5v,1.9260764,0.29618108,Autocorr,#bfff00,Autocorr,230,435
AATS6v,1.9647353,0.3225486,Autocorr,#bfff00,Autocorr,231,472
AATS7v,1.9854541,0.48343605,Autocorr,#bfff00,Autocorr,232,548
AATS8v,1.9688839,0.49497864,Autocorr,#bfff00,Autocorr,233,510
AATS0se,3.2266626,1.8915128,Autocorr,#bfff00,Autocorr,234,886
AATS1se,2.917763,2.078783,Autocorr,#bfff00,Autocorr,235,958
AATS2se,3.1616244,2.112944,Autocorr,#bfff00,Autocorr,236,997
AATS3se,3.077356,2.1250498,Autocorr,#bfff00,Autocorr,237,1033
AATS4se,3.1534538,2.0334942,Autocorr,#bfff00,Autocorr,238,960
AATS5se,3.1291249,1.9502481,Autocorr,#bfff00,Autocorr,239,885
AATS6se,3.1201255,2.1154177,Autocorr,#bfff00,Autocorr,240,1034
AATS7se,3.2983463,1.8176557,Autocorr,#bfff00,Autocorr,241,849
AATS8se,3.4464457,1.7171879,Autocorr,#bfff00,Autocorr,242,739
AATS0pe,3.1121635,1.4103625,Autocorr,#bfff00,Autocorr,243,590
AATS1pe,2.9987042,2.0582633,Autocorr,#bfff00,Autocorr,244,959
AATS2pe,3.2217991,1.6117718,Autocorr,#bfff00,Autocorr,245,701
AATS3pe,2.993895,1.7029196,Autocorr,#bfff00,Autocorr,246,810
AATS4pe,3.112871,1.4561976,Autocorr,#bfff00,Autocorr,247,626
AATS5pe,3.1292675,1.6037011,Autocorr,#bfff00,Autocorr,248,737
AATS6pe,3.110332,1.6067125,Autocorr,#bfff00,Autocorr,249,736
AATS7pe,3.3467402,1.7847955,Autocorr,#bfff00,Autocorr,250,812
AATS8pe,3.3978608,1.5917127,Autocorr,#bfff00,Autocorr,251,628
AATS0are,3.2194214,1.4318688,Autocorr,#bfff00,Autocorr,252,554
AATS1are,3.0739646,2.0238707,Autocorr,#bfff00,Autocorr,253,922
AATS2are,3.1681063,1.6505768,Autocorr,#bfff00,Autocorr,254,774
AATS3are,3.1073785,1.5655185,Autocorr,#bfff00,Autocorr,255,663
AATS4are,3.112957,1.4567784,Autocorr,#bfff00,Autocorr,256,627
AATS5are,3.1102886,1.5875595,Autocorr,#bfff00,Autocorr,257,700
AATS6are,3.117622,1.5526478,Autocorr,#bfff00,Autocorr,258,664
AATS7are,3.274974,1.6829368,Autocorr,#bfff00,Autocorr,259,775
AATS8are,3.407531,1.6286619,Autocorr,#bfff00,Autocorr,260,665
AATS0p,1.5501353,0.1339175,Autocorr,#bfff00,Autocorr,261,434
AATS1p,2.378438,0.58687437,Autocorr,#bfff00,Autocorr,262,515
AATS2p,2.1558526,0.3314034,Autocorr,#bfff00,Autocorr,263,476
AATS3p,2.1376817,0.28561646,Autocorr,#bfff00,Autocorr,264,438
AATS4p,2.0947144,0.32317248,Autocorr,#bfff00,Autocorr,265,474
AATS5p,2.1354573,0.31689036,Autocorr,#bfff00,Autocorr,266,437
AATS6p,2.0305257,0.30231187,Autocorr,#bfff00,Autocorr,267,436
AATS7p,2.0874124,0.46857563,Autocorr,#bfff00,Autocorr,268,512
AATS8p,2.0529215,0.480245,Autocorr,#bfff00,Autocorr,269,511
AATS0i,2.5143156,2.4083507,Autocorr,#bfff00,Autocorr,270,1067
AATS1i,2.6541808,2.5020604,Autocorr,#bfff00,Autocorr,271,1143
AATS2i,2.5824735,2.3402388,Autocorr,#bfff00,Autocorr,272,1068
AATS3i,2.5223296,2.3684053,Autocorr,#bfff00,Autocorr,273,1029
AATS4i,2.4972427,2.4533417,Autocorr,#bfff00,Autocorr,274,1104
AATS5i,2.6322794,2.3637738,Autocorr,#bfff00,Autocorr,275,1105
AATS6i,2.5771317,2.5309248,Autocorr,#bfff00,Autocorr,276,1179
AATS7i,2.7760024,2.4466848,Autocorr,#bfff00,Autocorr,277,1106
AATS8i,3.310149,1.9197665,Autocorr,#bfff00,Autocorr,278,961
ATSC0c,-0.9073897,2.4609194,Autocorr,#bfff00,Autocorr,279,1013
ATSC1c,-2.108823,3.2178462,Autocorr,#bfff00,Autocorr,280,1083
ATSC2c,-1.3223239,0.563592,Autocorr,#bfff00,Autocorr,281,528
ATSC3c,-1.970325,1.5479788,Autocorr,#bfff00,Autocorr,282,824
ATSC4c,-3.1316273,1.1817012,Autocorr,#bfff00,Autocorr,283,560
ATSC5c,-4.3546743,2.5328166,Autocorr,#bfff00,Autocorr,284,1039
ATSC6c,-5.2045937,1.3473164,Autocorr,#bfff00,Autocorr,285,666
ATSC7c,-4.7872524,0.126342,Autocorr,#bfff00,Autocorr,286,186
ATSC8c,-3.8635402,-0.73157185,Autocorr,#bfff00,Autocorr,287,1
ATSC0dv,-0.50699043,1.0124921,Autocorr,#bfff00,Autocorr,288,644
ATSC1dv,0.26805067,-0.7832486,Autocorr,#bfff00,Autocorr,289,244
ATSC2dv,-1.530488,0.36072242,Autocorr,#bfff00,Autocorr,290,415
ATSC3dv,-2.4332378,1.4980998,Autocorr,#bfff00,Autocorr,291,710
ATSC4dv,-3.134691,1.3130447,Autocorr,#bfff00,Autocorr,292,633
ATSC5dv,-4.514742,2.2848291,Autocorr,#bfff00,Autocorr,293,888
ATSC6dv,-5.0805225,1.2293432,Autocorr,#bfff00,Autocorr,294,481
ATSC7dv,-4.680158,0.17863663,Autocorr,#bfff00,Autocorr,295,298
ATSC8dv,-3.819984,-0.49682814,Autocorr,#bfff00,Autocorr,296,112
ATSC0d,-0.29923534,-0.12495185,Autocorr,#bfff00,Autocorr,297,385
ATSC1d,-0.06624135,-0.19363289,Autocorr,#bfff00,Autocorr,298,350
ATSC2d,-2.461806,2.053635,Autocorr,#bfff00,Autocorr,299,858
ATSC3d,-2.614693,2.2859285,Autocorr,#bfff00,Autocorr,300,931
ATSC4d,-3.2846282,2.0582898,Autocorr,#bfff00,Autocorr,301,818
ATSC5d,-4.5486875,1.5139719,Autocorr,#bfff00,Autocorr,302,779
ATSC6d,-4.515844,0.82078207,Autocorr,#bfff00,Autocorr,303,482
ATSC7d,-4.0022974,0.0058880374,Autocorr,#bfff00,Autocorr,304,336
ATSC8d,-3.7514737,-0.15283936,Autocorr,#bfff00,Autocorr,305,262
ATSC0s,-0.8252366,0.987094,Autocorr,#bfff00,Autocorr,306,642
ATSC1s,-2.2749057,3.2528698,Autocorr,#bfff00,Autocorr,307,1155
ATSC2s,-1.4959732,0.36176765,Autocorr,#bfff00,Autocorr,308,416
ATSC3s,-2.2902055,1.389319,Autocorr,#bfff00,Autocorr,309,599
ATSC4s,-3.0962355,1.1987954,Autocorr,#bfff00,Autocorr,310,561
ATSC5s,-4.5058327,2.4633327,Autocorr,#bfff00,Autocorr,311,1036
ATSC6s,-5.2304864,1.3213246,Autocorr,#bfff00,Autocorr,312,592
ATSC7s,-4.9653296,0.091878824,Autocorr,#bfff00,Autocorr,313,111
ATSC8s,-3.8710856,-0.7077653,Autocorr,#bfff00,Autocorr,314,37
ATSC0Z,1.7974721,-0.93309504,Autocorr,#bfff00,Autocorr,315,212
ATSC1Z,-1.3898933,1.0724317,Autocorr,#bfff00,Autocorr,316,638
ATSC2Z,-1.7453088,-0.29351506,Autocorr,#bfff00,Autocorr,317,229
ATSC3Z,-2.4113936,1.9295421,Autocorr,#bfff00,Autocorr,318,784
ATSC4Z,-3.0530581,1.5272938,Autocorr,#bfff00,Autocorr,319,708
ATSC5Z,-4.1069117,2.2527888,Autocorr,#bfff00,Autocorr,320,966
ATSC6Z,-4.909034,1.3725415,Autocorr,#bfff00,Autocorr,321,741
ATSC7Z,-4.5155973,0.5086577,Autocorr,#bfff00,Autocorr,322,445
ATSC8Z,-3.754874,-0.33101073,Autocorr,#bfff00,Autocorr,323,152
ATSC0m,1.7669387,-0.95177466,Autocorr,#bfff00,Autocorr,324,175
ATSC1m,-1.3829496,1.1056972,Autocorr,#bfff00,Autocorr,325,639
ATSC2m,-1.7727562,-0.31899032,Autocorr,#bfff00,Autocorr,326,191
ATSC3m,-2.411799,1.97305,Autocorr,#bfff00,Autocorr,327,821
ATSC4m,-3.0414112,1.538379,Autocorr,#bfff00,Autocorr,328,745
ATSC5m,-4.1753583,2.2664647,Autocorr,#bfff00,Autocorr,329,927
ATSC6m,-4.841794,1.408711,Autocorr,#bfff00,Autocorr,330,778
ATSC7m,-4.6272907,0.38780594,Autocorr,#bfff00,Autocorr,331,371
ATSC8m,-3.8256993,-0.36618406,Autocorr,#bfff00,Autocorr,332,150
ATSC0v,0.28478113,-1.3477834,Autocorr,#bfff00,Autocorr,333,129
ATSC1v,-1.7972745,2.5182905,Autocorr,#bfff00,Autocorr,334,935
ATSC2v,-1.6620401,-0.25080454,Autocorr,#bfff00,Autocorr,335,305
ATSC3v,-2.4095917,2.228741,Autocorr,#bfff00,Autocorr,336,932
ATSC4v,-3.0487356,1.7208707,Autocorr,#bfff00,Autocorr,337,782
ATSC5v,-4.0043006,2.1501105,Autocorr,#bfff00,Autocorr,338,929
ATSC6v,-4.691721,1.382241,Autocorr,#bfff00,Autocorr,339,669
ATSC7v,-4.409925,0.56266505,Autocorr,#bfff00,Autocorr,340,483
ATSC8v,-3.7600062,-0.2494184,Autocorr,#bfff00,Autocorr,341,188
ATSC0se,-0.7424456,1.1577693,Autocorr,#bfff00,Autocorr,342,680
ATSC1se,-2.6996412,3.3064642,Autocorr,#bfff00,Autocorr,343,1152
ATSC2se,-1.3609915,0.3266723,Autocorr,#bfff00,Autocorr,344,417
ATSC3se,-2.2710886,1.4048362,Autocorr,#bfff00,Autocorr,345,637
ATSC4se,-3.189262,1.1911952,Autocorr,#bfff00,Autocorr,346,596
ATSC5se,-4.53088,2.4560275,Autocorr,#bfff00,Autocorr,347,999
ATSC6se,-5.199851,1.3100752,Autocorr,#bfff00,Autocorr,348,555
ATSC7se,-4.899295,0.10336495,Autocorr,#bfff00,Autocorr,349,148
ATSC8se,-3.8785934,-0.70930105,Autocorr,#bfff00,Autocorr,350,0
ATSC0pe,-0.80270797,1.051936,Autocorr,#bfff00,Autocorr,351,678
ATSC1pe,-2.724239,3.3293142,Autocorr,#bfff00,Autocorr,352,1189
ATSC2pe,-1.4711281,0.40437967,Autocorr,#bfff00,Autocorr,353,453
ATSC3pe,-2.2913716,1.3955731,Autocorr,#bfff00,Autocorr,354,636
ATSC4pe,-3.1181233,1.2145673,Autocorr,#bfff00,Autocorr,355,634
ATSC5pe,-4.504106,2.471645,Autocorr,#bfff00,Autocorr,356,1037
ATSC6pe,-5.1927567,1.3607513,Autocorr,#bfff00,Autocorr,357,740
ATSC7pe,-4.918235,0.19080101,Autocorr,#bfff00,Autocorr,358,333
ATSC8pe,-3.8319511,-0.65126926,Autocorr,#bfff00,Autocorr,359,74
ATSC0are,-0.8645946,0.984028,Autocorr,#bfff00,Autocorr,360,641
ATSC1are,-2.7321842,3.2995324,Autocorr,#bfff00,Autocorr,361,1115
ATSC2are,-1.5070243,0.35012683,Autocorr,#bfff00,Autocorr,362,379
ATSC3are,-2.2473483,1.3862362,Autocorr,#bfff00,Autocorr,363,600
ATSC4are,-3.1648092,1.1644338,Autocorr,#bfff00,Autocorr,364,485
ATSC5are,-4.479766,2.4837017,Autocorr,#bfff00,Autocorr,365,1038
ATSC6are,-5.190637,1.336643,Autocorr,#bfff00,Autocorr,366,667
ATSC7are,-4.893432,0.13940293,Autocorr,#bfff00,Autocorr,367,222
ATSC8are,-3.833679,-0.6738677,Autocorr,#bfff00,Autocorr,368,38
ATSC0p,-2.7802167,0.0077322535,Autocorr,#bfff00,Autocorr,369,302
ATSC1p,-2.819584,0.08840675,Autocorr,#bfff00,Autocorr,370,376
ATSC2p,-2.7460828,-0.047772244,Autocorr,#bfff00,Autocorr,371,228
ATSC3p,-2.7905602,0.09308342,Autocorr,#bfff00,Autocorr,372,450
ATSC4p,-2.8431692,0.03002802,Autocorr,#bfff00,Autocorr,373,338
ATSC5p,-2.899581,0.1262762,Autocorr,#bfff00,Autocorr,374,412
ATSC6p,-2.8528876,0.0693091,Autocorr,#bfff00,Autocorr,375,375
ATSC7p,-2.940223,0.14581491,Autocorr,#bfff00,Autocorr,376,411
ATSC8p,-2.9805462,-0.037403755,Autocorr,#bfff00,Autocorr,377,153
ATSC0i,0.12945278,-0.23730539,Autocorr,#bfff00,Autocorr,378,354
ATSC1i,-2.0025318,2.8595583,Autocorr,#bfff00,Autocorr,379,1010
ATSC2i,-1.5936207,0.19228764,Autocorr,#bfff00,Autocorr,380,377
ATSC3i,-2.35015,2.4568503,Autocorr,#bfff00,Autocorr,381,969
ATSC4i,-2.9735353,2.0008087,Autocorr,#bfff00,Autocorr,382,856
ATSC5i,-3.8561637,2.0795171,Autocorr,#bfff00,Autocorr,383,892
ATSC6i,-4.6253824,1.3245203,Autocorr,#bfff00,Autocorr,384,558
ATSC7i,-4.2793365,0.59744257,Autocorr,#bfff00,Autocorr,385,484
ATSC8i,-3.6745558,-0.10504264,Autocorr,#bfff00,Autocorr,386,337
AATSC0c,-0.9287162,2.5862656,Autocorr,#bfff00,Autocorr,387,1012
AATSC0dv,1.098534,0.3393873,Autocorr,#bfff00,Autocorr,388,470
AATSC1dv,1.7981751,1.4530585,Autocorr,#bfff00,Autocorr,389,804
AATSC2dv,-1.4652894,0.45515496,Autocorr,#bfff00,Autocorr,390,491
AATSC3dv,-2.5077114,1.5836306,Autocorr,#bfff00,Autocorr,391,747
AATSC4dv,-3.1581192,1.3926618,Autocorr,#bfff00,Autocorr,392,707
AATSC5dv,-4.502067,2.3404891,Autocorr,#bfff00,Autocorr,393,889
AATSC6dv,-5.046017,1.2547494,Autocorr,#bfff00,Autocorr,394,519
AATSC7dv,-4.8207736,0.14164925,Autocorr,#bfff00,Autocorr,395,223
AATSC8dv,-3.743263,-0.514755,Autocorr,#bfff00,Autocorr,396,78
AATSC0d,2.6855698,0.9602826,Autocorr,#bfff00,Autocorr,397,551
AATSC1d,1.9704431,1.6417892,Autocorr,#bfff00,Autocorr,398,879
AATSC2d,-2.4169295,2.0325792,Autocorr,#bfff00,Autocorr,399,859
AATSC3d,-2.7016072,2.2553067,Autocorr,#bfff00,Autocorr,400,930
AATSC4d,-3.3318417,2.0648787,Autocorr,#bfff00,Autocorr,401,855
AATSC5d,-4.544758,1.5081207,Autocorr,#bfff00,Autocorr,402,706
AATSC6d,-4.5029626,0.8601307,Autocorr,#bfff00,Autocorr,403,520
AATSC7d,-3.9824538,-0.027345894,Autocorr,#bfff00,Autocorr,404,261
AATSC8d,-3.758191,-0.19436467,Autocorr,#bfff00,Autocorr,405,225
AATSC0s,-0.5687405,0.7989443,Autocorr,#bfff00,Autocorr,406,607
AATSC1s,-2.2748656,3.4048998,Autocorr,#bfff00,Autocorr,407,1192
AATSC2s,-1.4852017,0.44041866,Autocorr,#bfff00,Autocorr,408,490
AATSC3s,-2.26941,1.387543,Autocorr,#bfff00,Autocorr,409,562
AATSC4s,-3.1632893,1.132098,Autocorr,#bfff00,Autocorr,410,486
AATSC5s,-4.510758,2.4334648,Autocorr,#bfff00,Autocorr,411,962
AATSC6s,-5.1674376,1.2940919,Autocorr,#bfff00,Autocorr,412,593
AATSC7s,-4.859873,0.19784932,Autocorr,#bfff00,Autocorr,413,370
AATSC8s,-3.8160925,-0.6390058,Autocorr,#bfff00,Autocorr,414,75
AATSC0Z,1.8504981,-0.9885864,Autocorr,#bfff00,Autocorr,415,102
AATSC1Z,-1.4010154,1.1468747,Autocorr,#bfff00,Autocorr,416,676
AATSC2Z,-1.7691611,-0.3313373,Autocorr,#bfff00,Autocorr,417,192
AATSC3Z,-2.3754838,1.9436378,Autocorr,#bfff00,Autocorr,418,823
AATSC4Z,-3.0336719,1.5420083,Autocorr,#bfff00,Autocorr,419,709
AATSC5Z,-4.1560802,2.2244825,Autocorr,#bfff00,Autocorr,420,853
AATSC6Z,-4.8592033,1.3882588,Autocorr,#bfff00,Autocorr,421,705
AATSC7Z,-4.5377007,0.5107399,Autocorr,#bfff00,Autocorr,422,444
AATSC8Z,-3.7008305,-0.4367967,Autocorr,#bfff00,Autocorr,423,116
AATSC0m,1.8133116,-0.9620902,Autocorr,#bfff00,Autocorr,424,138
AATSC1m,-1.4165579,1.14457,Autocorr,#bfff00,Autocorr,425,675
AATSC2m,-1.7355988,-0.2817347,Autocorr,#bfff00,Autocorr,426,230
AATSC3m,-2.3657355,1.9106935,Autocorr,#bfff00,Autocorr,427,785
AATSC4m,-3.0714045,1.4524884,Autocorr,#bfff00,Autocorr,428,671
AATSC5m,-4.142304,2.2600858,Autocorr,#bfff00,Autocorr,429,965
AATSC6m,-4.8820105,1.4837945,Autocorr,#bfff00,Autocorr,430,815
AATSC7m,-4.523781,0.48890185,Autocorr,#bfff00,Autocorr,431,409
AATSC8m,-3.7661307,-0.43954164,Autocorr,#bfff00,Autocorr,432,114
AATSC0v,2.2790115,2.300481,Autocorr,#bfff00,Autocorr,433,1028
AATSC1v,-1.803649,2.5128355,Autocorr,#bfff00,Autocorr,434,898
AATSC2v,-1.7056655,-0.24034788,Autocorr,#bfff00,Autocorr,435,266
AATSC3v,-2.3669488,2.2483473,Autocorr,#bfff00,Autocorr,436,896
AATSC4v,-3.0326526,1.798348,Autocorr,#bfff00,Autocorr,437,783
AATSC5v,-4.035607,2.1536322,Autocorr,#bfff00,Autocorr,438,891
AATSC6v,-4.703092,1.4162515,Autocorr,#bfff00,Autocorr,439,742
AATSC7v,-4.45164,0.53486085,Autocorr,#bfff00,Autocorr,440,446
AATSC8v,-3.7535675,-0.20469882,Autocorr,#bfff00,Autocorr,441,189
AATSC0se,-0.5346152,0.63633335,Autocorr,#bfff00,Autocorr,442,532
AATSC2se,-1.4619153,0.39081207,Autocorr,#bfff00,Autocorr,443,454
AATSC3se,-2.2695053,1.4248767,Autocorr,#bfff00,Autocorr,444,711
AATSC4se,-3.137867,1.1811143,Autocorr,#bfff00,Autocorr,445,523
AATSC5se,-4.4172297,2.5284395,Autocorr,#bfff00,Autocorr,446,1075
AATSC6se,-5.2298613,1.3562808,Autocorr,#bfff00,Autocorr,447,703
AATSC7se,-4.8387938,0.15949646,Autocorr,#bfff00,Autocorr,448,259
AATSC8se,-3.8046958,-0.6490803,Autocorr,#bfff00,Autocorr,449,39
AATSC0pe,-0.5688317,0.6218089,Autocorr,#bfff00,Autocorr,450,495
AATSC1pe,-2.7577093,3.3246744,Autocorr,#bfff00,Autocorr,451,1114
AATSC2pe,-1.531604,0.4282978,Autocorr,#bfff00,Autocorr,452,451
AATSC3pe,-2.225741,1.4658773,Autocorr,#bfff00,Autocorr,453,712
AATSC4pe,-3.1602795,1.1867148,Autocorr,#bfff00,Autocorr,454,559
AATSC5pe,-4.4727707,2.4298706,Autocorr,#bfff00,Autocorr,455,963
AATSC6pe,-5.1442275,1.3504621,Autocorr,#bfff00,Autocorr,456,704
AATSC7pe,-4.8126097,0.1630314,Autocorr,#bfff00,Autocorr,457,260
AATSC8pe,-3.7869437,-0.65904665,Autocorr,#bfff00,Autocorr,458,4
AATSC0are,-0.52245194,0.6325654,Autocorr,#bfff00,Autocorr,459,533
AATSC1are,-2.6707032,3.3320894,Autocorr,#bfff00,Autocorr,460,1153
AATSC2are,-1.49544,0.4003814,Autocorr,#bfff00,Autocorr,461,452
AATSC3are,-2.2534995,1.4103056,Autocorr,#bfff00,Autocorr,462,674
AATSC4are,-3.1647093,1.1682734,Autocorr,#bfff00,Autocorr,463,522
AATSC5are,-4.4612093,2.4213965,Autocorr,#bfff00,Autocorr,464,964
AATSC6are,-5.177739,1.3274083,Autocorr,#bfff00,Autocorr,465,630
AATSC7are,-4.813912,0.09252001,Autocorr,#bfff00,Autocorr,466,149
AATSC8are,-3.744293,-0.601566,Autocorr,#bfff00,Autocorr,467,41
AATSC0p,-2.8104155,0.0131124575,Autocorr,#bfff00,Autocorr,468,339
AATSC1p,-2.9050627,-0.019864535,Autocorr,#bfff00,Autocorr,469,227
AATSC2p,-2.81705,-0.011019038,Autocorr,#bfff00,Autocorr,470,265
AATSC3p,-2.8112679,0.090923674,Autocorr,#bfff00,Autocorr,471,413
AATSC4p,-2.845795,0.02730351,Autocorr,#bfff00,Autocorr,472,301
AATSC5p,-2.8572056,0.12787658,Autocorr,#bfff00,Autocorr,473,449
AATSC6p,-2.8686795,0.065028384,Autocorr,#bfff00,Autocorr,474,374
AATSC7p,-2.8389173,0.01114718,Autocorr,#bfff00,Autocorr,475,264
AATSC8p,-3.0563366,-0.033338625,Autocorr,#bfff00,Autocorr,476,190
AATSC0i,2.78212,0.9802406,Autocorr,#bfff00,Autocorr,477,516
AATSC1i,-2.0375953,2.8255956,Autocorr,#bfff00,Autocorr,478,972
AATSC2i,-1.5768187,0.23284276,Autocorr,#bfff00,Autocorr,479,378
AATSC3i,-2.3594694,2.4390264,Autocorr,#bfff00,Autocorr,480,968
AATSC4i,-2.9727197,2.0201063,Autocorr,#bfff00,Autocorr,481,857
AATSC5i,-3.9148486,2.0575705,Autocorr,#bfff00,Autocorr,482,780
AATSC6i,-4.633429,1.3271041,Autocorr,#bfff00,Autocorr,483,595
AATSC7i,-4.234519,0.51590616,Autocorr,#bfff00,Autocorr,484,448
AATSC8i,-3.7100706,-0.106414996,Autocorr,#bfff00,Autocorr,485,263
MATS1c,-2.225101,3.064051,Autocorr,#bfff00,Autocorr,486,1044
MATS2c,-1.4585532,0.47000754,Autocorr,#bfff00,Autocorr,487,527
MATS3c,-2.0649393,1.452545,Autocorr,#bfff00,Autocorr,488,787
MATS4c,-3.1078613,1.2122179,Autocorr,#bfff00,Autocorr,489,598
MATS5c,-4.475791,2.4427383,Autocorr,#bfff00,Autocorr,490,1001
MATS6c,-5.3040304,1.5219811,Autocorr,#bfff00,Autocorr,491,851
MATS7c,-4.8394966,0.11922566,Autocorr,#bfff00,Autocorr,492,185
MATS8c,-3.8213618,-0.67896837,Autocorr,#bfff00,Autocorr,493,2
MATS1dv,1.9771627,2.0394382,Autocorr,#bfff00,Autocorr,494,952
MATS2dv,-1.5428095,0.39149883,Autocorr,#bfff00,Autocorr,495,414
MATS3dv,-2.5649922,1.6003588,Autocorr,#bfff00,Autocorr,496,746
MATS4dv,-3.1509473,1.389267,Autocorr,#bfff00,Autocorr,497,670
MATS5dv,-4.5146766,2.2690463,Autocorr,#bfff00,Autocorr,498,852
MATS6dv,-5.044251,1.278674,Autocorr,#bfff00,Autocorr,499,556
MATS7dv,-4.7168136,0.19979805,Autocorr,#bfff00,Autocorr,500,335
MATS8dv,-3.7793844,-0.50523174,Autocorr,#bfff00,Autocorr,501,113
MATS1d,2.033426,1.943362,Autocorr,#bfff00,Autocorr,502,915
MATS2d,-2.432064,2.1090438,Autocorr,#bfff00,Autocorr,503,895
MATS3d,-2.6987562,2.1809397,Autocorr,#bfff00,Autocorr,504,894
MATS4d,-3.2660832,2.0521533,Autocorr,#bfff00,Autocorr,505,893
MATS5d,-4.504933,1.5391843,Autocorr,#bfff00,Autocorr,506,743
MATS6d,-4.4942923,0.79311115,Autocorr,#bfff00,Autocorr,507,521
MATS7d,-3.9747987,-0.016113972,Autocorr,#bfff00,Autocorr,508,299
MATS8d,-3.7718613,-0.15590003,Autocorr,#bfff00,Autocorr,509,224
MATS1s,-2.1241817,3.2976928,Autocorr,#bfff00,Autocorr,510,1194
MATS2s,-1.4946073,0.43133235,Autocorr,#bfff00,Autocorr,511,489
MATS3s,-2.299629,1.4450436,Autocorr,#bfff00,Autocorr,512,673
MATS4s,-3.1316657,1.1639637,Autocorr,#bfff00,Autocorr,513,524
MATS5s,-4.438905,2.4142635,Autocorr,#bfff00,Autocorr,514,1002
MATS6s,-5.241446,1.2886639,Autocorr,#bfff00,Autocorr,515,518
MATS7s,-4.8418016,0.22233588,Autocorr,#bfff00,Autocorr,516,407
MATS8s,-3.7719142,-0.60603404,Autocorr,#bfff00,Autocorr,517,77
MATS1Z,-1.354463,1.2000997,Autocorr,#bfff00,Autocorr,518,750
MATS2Z,-1.7135977,-0.23073113,Autocorr,#bfff00,Autocorr,519,303
MATS3Z,-2.3812249,2.0467324,Autocorr,#bfff00,Autocorr,520,860
MATS4Z,-3.0535376,1.4781708,Autocorr,#bfff00,Autocorr,521,672
MATS5Z,-4.14973,2.2283568,Autocorr,#bfff00,Autocorr,522,928
MATS6Z,-4.8943768,1.3660368,Autocorr,#bfff00,Autocorr,523,631
MATS7Z,-4.58118,0.44082376,Autocorr,#bfff00,Autocorr,524,408
MATS8Z,-3.7518094,-0.4566346,Autocorr,#bfff00,Autocorr,525,115
MATS1m,-1.4010373,1.188387,Autocorr,#bfff00,Autocorr,526,713
MATS2m,-1.6895714,-0.22628741,Autocorr,#bfff00,Autocorr,527,267
MATS3m,-2.380167,2.010213,Autocorr,#bfff00,Autocorr,528,822
MATS4m,-3.0964663,1.5725108,Autocorr,#bfff00,Autocorr,529,744
MATS5m,-4.1726832,2.2353246,Autocorr,#bfff00,Autocorr,530,890
MATS6m,-4.859819,1.3528776,Autocorr,#bfff00,Autocorr,531,557
MATS7m,-4.5222044,0.4692666,Autocorr,#bfff00,Autocorr,532,372
MATS8m,-3.7773495,-0.38721442,Autocorr,#bfff00,Autocorr,533,151
MATS1v,-1.7818578,2.4976366,Autocorr,#bfff00,Autocorr,534,936
MATS2v,-1.6906141,-0.21756582,Autocorr,#bfff00,Autocorr,535,304
MATS3v,-2.3510432,2.2696738,Autocorr,#bfff00,Autocorr,536,897
MATS4v,-3.0522625,1.7667944,Autocorr,#bfff00,Autocorr,537,781
MATS5v,-4.000911,2.1213431,Autocorr,#bfff00,Autocorr,538,854
MATS6v,-4.70302,1.3592334,Autocorr,#bfff00,Autocorr,539,594
MATS7v,-4.3998494,0.5245468,Autocorr,#bfff00,Autocorr,540,410
MATS8v,-3.826459,-0.23375098,Autocorr,#bfff00,Autocorr,541,187
MATS1se,-2.692587,3.2508264,Autocorr,#bfff00,Autocorr,542,1079
MATS2se,-1.5441227,0.4879088,Autocorr,#bfff00,Autocorr,543,525
MATS3se,-2.2130075,1.5067973,Autocorr,#bfff00,Autocorr,544,786
MATS4se,-3.1001987,1.1462625,Autocorr,#bfff00,Autocorr,545,487
MATS5se,-4.4792604,2.4237983,Autocorr,#bfff00,Autocorr,546,925
MATS6se,-5.1952667,1.3686123,Autocorr,#bfff00,Autocorr,547,777
MATS7se,-4.807638,0.1838765,Autocorr,#bfff00,Autocorr,548,297
MATS8se,-3.7901034,-0.63451976,Autocorr,#bfff00,Autocorr,549,3
MATS1pe,-2.7534308,3.2480285,Autocorr,#bfff00,Autocorr,550,1077
MATS2pe,-1.4970537,0.44411823,Autocorr,#bfff00,Autocorr,551,526
MATS3pe,-2.2758827,1.4638066,Autocorr,#bfff00,Autocorr,552,748
MATS4pe,-3.1251929,1.21169,Autocorr,#bfff00,Autocorr,553,597
MATS5pe,-4.487668,2.433277,Autocorr,#bfff00,Autocorr,554,1000
MATS6pe,-5.1927514,1.3355224,Autocorr,#bfff00,Autocorr,555,629
MATS7pe,-4.8088245,0.18703087,Autocorr,#bfff00,Autocorr,556,334
MATS8pe,-3.7686899,-0.6061862,Autocorr,#bfff00,Autocorr,557,40
MATS1are,-2.7508523,3.24231,Autocorr,#bfff00,Autocorr,558,1078
MATS2are,-1.5305436,0.43700674,Autocorr,#bfff00,Autocorr,559,488
MATS3are,-2.2318673,1.4691881,Autocorr,#bfff00,Autocorr,560,749
MATS4are,-3.0953522,1.2572167,Autocorr,#bfff00,Autocorr,561,635
MATS5are,-4.4637256,2.4139016,Autocorr,#bfff00,Autocorr,562,926
MATS6are,-5.11497,1.4346718,Autocorr,#bfff00,Autocorr,563,814
MATS7are,-4.8246145,0.1703182,Autocorr,#bfff00,Autocorr,564,296
MATS8are,-3.7761135,-0.6025226,Autocorr,#bfff00,Autocorr,565,76
MATS1p,-1.9740627,2.7084858,Autocorr,#bfff00,Autocorr,566,973
MATS2p,-1.686765,-0.17784014,Autocorr,#bfff00,Autocorr,567,340
MATS3p,-2.377167,2.3375776,Autocorr,#bfff00,Autocorr,568,933
MATS4p,-3.0109713,1.8264652,Autocorr,#bfff00,Autocorr,569,819
MATS5p,-3.990524,2.105383,Autocorr,#bfff00,Autocorr,570,816
MATS6p,-4.7089233,1.3772737,Autocorr,#bfff00,Autocorr,571,668
MATS7p,-4.3399525,0.51683307,Autocorr,#bfff00,Autocorr,572,373
MATS8p,-3.701263,-0.18811953,Autocorr,#bfff00,Autocorr,573,226
MATS1i,-2.0516274,2.7904022,Autocorr,#bfff00,Autocorr,574,971
MATS2i,-1.6719553,0.060070068,Autocorr,#bfff00,Autocorr,575,341
MATS3i,-2.3313625,2.4185688,Autocorr,#bfff00,Autocorr,576,934
MATS4i,-3.009671,1.9272473,Autocorr,#bfff00,Autocorr,577,820
MATS5i,-3.9102035,2.066844,Autocorr,#bfff00,Autocorr,578,817
MATS6i,-4.636139,1.347475,Autocorr,#bfff00,Autocorr,579,632
MATS7i,-4.2650757,0.5709233,Autocorr,#bfff00,Autocorr,580,447
MATS8i,-3.6935496,-0.10605457,Autocorr,#bfff00,Autocorr,581,300
GATS1c,2.7159288,2.2487457,Autocorr,#bfff00,Autocorr,582,1031
GATS2c,1.6170688,2.2392633,Autocorr,#bfff00,Autocorr,583,951
GATS3c,2.4095054,2.650727,Autocorr,#bfff00,Autocorr,584,1178
GATS4c,2.4537246,1.8082021,Autocorr,#bfff00,Autocorr,585,843
GATS5c,3.08307,2.4534545,Autocorr,#bfff00,Autocorr,586,1145
GATS6c,2.77941,2.6054149,Autocorr,#bfff00,Autocorr,587,1181
GATS7c,2.9589164,2.7856412,Autocorr,#bfff00,Autocorr,588,1219
GATS8c,3.4140754,1.8931296,Autocorr,#bfff00,Autocorr,589,924
GATS1dv,1.781203,2.5977829,Autocorr,#bfff00,Autocorr,590,1100
GATS2dv,1.7883846,2.5452561,Autocorr,#bfff00,Autocorr,591,1026
GATS3dv,2.2782109,2.7301183,Autocorr,#bfff00,Autocorr,592,1214
GATS4dv,2.6358798,1.9241691,Autocorr,#bfff00,Autocorr,593,882
GATS5dv,3.2152452,2.4626143,Autocorr,#bfff00,Autocorr,594,1146
GATS6dv,2.8617623,2.5588002,Autocorr,#bfff00,Autocorr,595,1144
GATS7dv,2.9972613,2.793639,Autocorr,#bfff00,Autocorr,596,1257
GATS8dv,3.6291394,1.7337756,Autocorr,#bfff00,Autocorr,597,776
GATS1d,2.0796857,2.685463,Autocorr,#bfff00,Autocorr,598,1176
GATS2d,2.1622055,2.6576128,Autocorr,#bfff00,Autocorr,599,1139
GATS3d,2.5546727,2.1251435,Autocorr,#bfff00,Autocorr,600,993
GATS4d,2.761626,1.7601846,Autocorr,#bfff00,Autocorr,601,846
GATS5d,2.9755597,2.0655708,Autocorr,#bfff00,Autocorr,602,921
GATS6d,2.7963195,2.2154093,Autocorr,#bfff00,Autocorr,603,1069
GATS7d,2.4760697,1.4884963,Autocorr,#bfff00,Autocorr,604,660
GATS8d,2.329791,1.1871476,Autocorr,#bfff00,Autocorr,605,623
GATS1s,1.5035549,4.7711062,Autocorr,#bfff00,Autocorr,606,1247
GATS2s,1.5039761,4.887806,Autocorr,#bfff00,Autocorr,607,1248
GATS3s,1.7349622,5.3205547,Autocorr,#bfff00,Autocorr,608,1285
GATS4s,1.8509693,5.5072393,Autocorr,#bfff00,Autocorr,609,1287
GATS5s,1.9181865,5.3687096,Autocorr,#bfff00,Autocorr,610,1250
GATS6s,1.7401755,5.0411186,Autocorr,#bfff00,Autocorr,611,1249
GATS7s,2.1551394,4.359308,Autocorr,#bfff00,Autocorr,612,1251
GATS8s,3.72485,1.805191,Autocorr,#bfff00,Autocorr,613,887
GATS1Z,1.7684882,2.633042,Autocorr,#bfff00,Autocorr,614,1136
GATS2Z,1.6697671,2.5617702,Autocorr,#bfff00,Autocorr,615,1098
GATS3Z,2.6992068,2.6817515,Autocorr,#bfff00,Autocorr,616,1217
GATS4Z,2.8526094,1.9789863,Autocorr,#bfff00,Autocorr,617,883
GATS5Z,3.050106,2.1843307,Autocorr,#bfff00,Autocorr,618,1108
GATS6Z,2.9381647,2.141723,Autocorr,#bfff00,Autocorr,619,995
GATS7Z,3.2606757,2.1043205,Autocorr,#bfff00,Autocorr,620,1035
GATS8Z,3.3651018,1.5909555,Autocorr,#bfff00,Autocorr,621,591
GATS1m,1.6919265,2.5274813,Autocorr,#bfff00,Autocorr,622,1062
GATS2m,1.6765128,2.5590155,Autocorr,#bfff00,Autocorr,623,1099
GATS3m,2.6051252,2.4711015,Autocorr,#bfff00,Autocorr,624,1142
GATS4m,2.9248366,1.9237815,Autocorr,#bfff00,Autocorr,625,884
GATS5m,3.1378841,2.1551309,Autocorr,#bfff00,Autocorr,626,1071
GATS6m,3.1524808,2.0083573,Autocorr,#bfff00,Autocorr,627,923
GATS7m,3.3017583,2.0716262,Autocorr,#bfff00,Autocorr,628,998
GATS8m,3.2329385,1.6449585,Autocorr,#bfff00,Autocorr,629,738
GATS1v,1.9096144,2.577706,Autocorr,#bfff00,Autocorr,630,1064
GATS2v,2.0188959,2.647393,Autocorr,#bfff00,Autocorr,631,1101
GATS3v,2.4867442,2.480009,Autocorr,#bfff00,Autocorr,632,1141
GATS4v,2.749751,1.9993956,Autocorr,#bfff00,Autocorr,633,919
GATS5v,2.807461,2.0593243,Autocorr,#bfff00,Autocorr,634,957
GATS6v,2.9639323,2.303568,Autocorr,#bfff00,Autocorr,635,1107
GATS7v,3.2943606,2.1171672,Autocorr,#bfff00,Autocorr,636,1072
GATS8v,3.020318,1.7185897,Autocorr,#bfff00,Autocorr,637,811
GATS1se,1.7347407,2.6058187,Autocorr,#bfff00,Autocorr,638,1172
GATS2se,1.5518289,2.349994,Autocorr,#bfff00,Autocorr,639,987
GATS3se,2.3131883,2.7819352,Autocorr,#bfff00,Autocorr,640,1252
GATS4se,2.5216463,1.8259754,Autocorr,#bfff00,Autocorr,641,844
GATS5se,3.2407289,2.5864713,Autocorr,#bfff00,Autocorr,642,1183
GATS6se,2.8735154,2.7392347,Autocorr,#bfff00,Autocorr,643,1255
GATS7se,2.9514062,2.955187,Autocorr,#bfff00,Autocorr,644,1293
GATS8se,3.6371524,1.75731,Autocorr,#bfff00,Autocorr,645,850
GATS1pe,1.8279204,2.667525,Autocorr,#bfff00,Autocorr,646,1174
GATS2pe,1.5937198,2.3505602,Autocorr,#bfff00,Autocorr,647,988
GATS3pe,2.3609164,2.7183547,Autocorr,#bfff00,Autocorr,648,1216
GATS4pe,2.539308,1.8779881,Autocorr,#bfff00,Autocorr,649,845
GATS5pe,3.181782,2.540065,Autocorr,#bfff00,Autocorr,650,1182
GATS6pe,2.8326697,2.7747362,Autocorr,#bfff00,Autocorr,651,1254
GATS7pe,2.9603624,2.9390366,Autocorr,#bfff00,Autocorr,652,1294
GATS8pe,3.6180713,1.7145536,Autocorr,#bfff00,Autocorr,653,702
GATS1are,1.8098463,2.6616008,Autocorr,#bfff00,Autocorr,654,1137
GATS2are,1.5452217,2.3724685,Autocorr,#bfff00,Autocorr,655,1024
GATS3are,2.3094256,2.7640305,Autocorr,#bfff00,Autocorr,656,1215
GATS4are,2.5029917,1.901528,Autocorr,#bfff00,Autocorr,657,881
GATS5are,3.2133706,2.5897088,Autocorr,#bfff00,Autocorr,658,1220
GATS6are,2.7826753,2.6753755,Autocorr,#bfff00,Autocorr,659,1218
GATS7are,2.9468453,2.9323206,Autocorr,#bfff00,Autocorr,660,1256
GATS8are,3.6277235,1.7540065,Autocorr,#bfff00,Autocorr,661,813
GATS1p,1.7745327,2.5741186,Autocorr,#bfff00,Autocorr,662,1063
GATS2p,1.9971712,2.6570039,Autocorr,#bfff00,Autocorr,663,1138
GATS3p,2.6670706,2.5180933,Autocorr,#bfff00,Autocorr,664,1180
GATS4p,2.9300075,1.8998585,Autocorr,#bfff00,Autocorr,665,847
GATS5p,2.9171379,2.1431694,Autocorr,#bfff00,Autocorr,666,1032
GATS6p,3.0249114,2.1232028,Autocorr,#bfff00,Autocorr,667,996
GATS7p,3.1813943,2.143629,Autocorr,#bfff00,Autocorr,668,1109
GATS8p,2.9826078,1.6704829,Autocorr,#bfff00,Autocorr,669,773
GATS1i,1.9252845,2.3745995,Autocorr,#bfff00,Autocorr,670,989
GATS2i,2.0895023,2.5083823,Autocorr,#bfff00,Autocorr,671,1027
GATS3i,2.5705714,2.332923,Autocorr,#bfff00,Autocorr,672,1030
GATS4i,2.7698824,1.9870918,Autocorr,#bfff00,Autocorr,673,920
GATS5i,2.7275589,2.2220905,Autocorr,#bfff00,Autocorr,674,994
GATS6i,2.9983065,2.169494,Autocorr,#bfff00,Autocorr,675,1070
GATS7i,3.1029084,1.9415594,Autocorr,#bfff00,Autocorr,676,848
GATS8i,2.7196681,1.7145609,Autocorr,#bfff00,Autocorr,677,809
fr_C_O,-0.48839137,1.5641322,Fragment,#009eff,Fragment,678,791
fr_C_O_noCOO,-0.4173824,1.6059893,Fragment,#009eff,Fragment,679,792
fr_Al_OH,-0.8714935,2.1342204,Fragment,#009eff,Fragment,680,938
fr_Ar_OH,-0.9103164,1.9613005,Fragment,#009eff,Fragment,681,863
fr_methoxy,-0.67858374,1.8161106,Fragment,#009eff,Fragment,682,864
fr_oxime,-0.15674134,2.3444417,Fragment,#009eff,Fragment,683,1018
fr_ester,-0.5883898,1.6976353,Fragment,#009eff,Fragment,684,828
fr_Al_COO,-1.0067056,1.9914775,Fragment,#009eff,Fragment,685,825
fr_Ar_COO,-1.0395896,2.1120982,Fragment,#009eff,Fragment,686,899
fr_COO,-1.0343813,2.0153234,Fragment,#009eff,Fragment,687,862
fr_COO2,-1.091449,2.0600734,Fragment,#009eff,Fragment,688,861
fr_ketone,-0.35051632,1.2053357,Fragment,#009eff,Fragment,689,682
fr_ether,-0.5826881,1.8380235,Fragment,#009eff,Fragment,690,865
fr_phenol,-0.9861388,2.0079997,Fragment,#009eff,Fragment,691,900
fr_aldehyde,1.1160944,0.123993844,Fragment,#009eff,Fragment,692,396
fr_quatN,-0.72767943,2.826461,Fragment,#009eff,Fragment,693,1088
fr_NH2,0.095635496,2.6526332,Fragment,#009eff,Fragment,694,1131
fr_NH1,0.45880032,2.3739169,Fragment,#009eff,Fragment,695,1058
fr_NH0,1.0885619,1.1940271,Fragment,#009eff,Fragment,696,802
fr_Ar_N,1.1081102,1.1590426,Fragment,#009eff,Fragment,697,728
fr_Ar_NH,0.35836256,3.3117933,Fragment,#009eff,Fragment,698,1207
fr_aniline,-0.0006542816,1.0327458,Fragment,#009eff,Fragment,699,683
fr_Imine,0.29139715,1.9382526,Fragment,#009eff,Fragment,700,946
fr_nitrile,-0.079669625,3.8131979,Fragment,#009eff,Fragment,701,1202
fr_hdrzine,0.11596343,2.3136346,Fragment,#009eff,Fragment,702,1019
fr_hdrzone,0.22705518,1.3848526,Fragment,#009eff,Fragment,703,797
fr_nitroso,-0.17028531,1.5534678,Fragment,#009eff,Fragment,704,796
fr_N_O,-0.62965745,1.3285882,Fragment,#009eff,Fragment,705,754
fr_nitro,-0.46252832,2.3450713,Fragment,#009eff,Fragment,706,1053
fr_azo,0.02444873,1.4184046,Fragment,#009eff,Fragment,707,759
fr_diazo,-0.46474272,2.745767,Fragment,#009eff,Fragment,708,1128
fr_azide,-0.16209686,1.8237174,Fragment,#009eff,Fragment,709,943
fr_amide,-0.3413352,1.5571271,Fragment,#009eff,Fragment,710,795
fr_priamide,-0.20827778,2.0679648,Fragment,#009eff,Fragment,711,980
fr_amidine,0.171791,2.2059977,Fragment,#009eff,Fragment,712,981
fr_guanido,0.30396047,1.953173,Fragment,#009eff,Fragment,713,947
fr_Nhpyrrole,0.34817263,3.3178356,Fragment,#009eff,Fragment,714,1167
fr_imide,-0.41950682,1.5027694,Fragment,#009eff,Fragment,715,755
fr_isocyan,0.059140176,1.7698877,Fragment,#009eff,Fragment,716,870
fr_isothiocyan,0.34069195,1.9776927,Fragment,#009eff,Fragment,717,984
fr_thiocyan,0.13659112,3.566182,Fragment,#009eff,Fragment,718,1243
fr_halogen,-1.1032511,0.8787555,Fragment,#009eff,Fragment,719,640
fr_alkyl_halide,-1.1650804,0.73033047,Fragment,#009eff,Fragment,720,529
fr_sulfide,1.1609491,2.3748748,Fragment,#009eff,Fragment,721,986
fr_SH,0.7608882,2.959,Fragment,#009eff,Fragment,722,1208
fr_C_S,1.7008008,-0.012139116,Fragment,#009eff,Fragment,723,398
fr_sulfone,-0.96330065,1.2750399,Fragment,#009eff,Fragment,724,751
fr_sulfonamd,-1.1392978,1.2068106,Fragment,#009eff,Fragment,725,714
fr_barbitur,-0.38908598,1.6184939,Fragment,#009eff,Fragment,726,868
fr_urea,-0.25868982,1.7411191,Fragment,#009eff,Fragment,727,906
fr_term_acetylene,0.09170784,4.165781,Fragment,#009eff,Fragment,728,1279
fr_imidazole,0.77059585,1.3811023,Fragment,#009eff,Fragment,729,800
fr_furan,0.9643306,0.7029189,Fragment,#009eff,Fragment,730,579
fr_thiophene,1.5001534,1.046719,Fragment,#009eff,Fragment,731,656
fr_thiazole,1.4777211,1.0091105,Fragment,#009eff,Fragment,732,619
fr_oxazole,0.94936067,0.8344091,Fragment,#009eff,Fragment,733,616
fr_pyridine,0.98837316,0.92191476,Fragment,#009eff,Fragment,734,653
fr_piperdine,0.6440816,1.5200124,Fragment,#009eff,Fragment,735,836
fr_piperzine,0.77540416,1.5321944,Fragment,#009eff,Fragment,736,838
fr_morpholine,0.7242033,1.5619391,Fragment,#009eff,Fragment,737,874
fr_lactam,-0.17081675,1.3117845,Fragment,#009eff,Fragment,738,721
fr_lactone,-0.44092187,1.6898268,Fragment,#009eff,Fragment,739,867
fr_tetrazole,0.83976585,1.3461562,Fragment,#009eff,Fragment,740,763
fr_epoxide,0.57253635,0.7013759,Fragment,#009eff,Fragment,741,578
fr_unbrch_alkane,6.375082,-2.5789435,Fragment,#009eff,Fragment,742,180
fr_bicyclic,0.15397087,0.5001255,Fragment,#009eff,Fragment,743,537
fr_benzene,0.19836372,1.0752308,Fragment,#009eff,Fragment,744,685
fr_phos_acid,-1.1594677,0.15374582,Fragment,#009eff,Fragment,745,381
fr_phos_ester,-1.1604481,0.13524292,Fragment,#009eff,Fragment,746,343
fr_nitro_arom,-0.48198655,2.2785408,Fragment,#009eff,Fragment,747,979
fr_nitro_arom_nonortho,-0.5884068,2.217591,Fragment,#009eff,Fragment,748,977
fr_dihydropyridine,0.015399335,0.5923814,Fragment,#009eff,Fragment,749,572
fr_phenol_noOrthoHbond,-0.9509012,2.0244174,Fragment,#009eff,Fragment,750,901
fr_Al_OH_noTert,-0.859291,2.1521432,Fragment,#009eff,Fragment,751,939
fr_benzodiazepine,0.26378638,1.2288836,Fragment,#009eff,Fragment,752,798
fr_para_hydroxylation,0.07469185,0.85056347,Fragment,#009eff,Fragment,753,647
fr_allylic_oxid,0.78876525,-0.96625525,Fragment,#009eff,Fragment,754,174
fr_aryl_methyl,1.5175431,1.0057005,Fragment,#009eff,Fragment,755,620
fr_Ndealkylation1,1.3169885,2.0958738,Fragment,#009eff,Fragment,756,913
fr_Ndealkylation2,0.6555568,1.4972994,Fragment,#009eff,Fragment,757,837
fr_alkyl_carbamate,-0.8255801,1.4420005,Fragment,#009eff,Fragment,758,789
fr_ketone_Topliss,-0.35045975,1.2597001,Fragment,#009eff,Fragment,759,719
fr_ArN,0.07026357,2.5813704,Fragment,#009eff,Fragment,760,1056
fr_HOCCN,0.18717992,1.8272775,Fragment,#009eff,Fragment,761,871
SubmolPolarityPara,-1.2011266,3.650149,Charge,#0033ff,Charge,762,1235
LocalDipoleIndex,-1.2158314,3.747444,Charge,#0033ff,Charge,763,1308
NChargeRelative,2.383329,2.7741683,Charge,#0033ff,Charge,764,1253
PChargeRelative,3.0016496,1.4940397,Charge,#0033ff,Charge,765,662
ChargeMeanAbsoulte,-1.127486,3.5696955,Charge,#0033ff,Charge,766,1162
ChargeTotalAbsoulte,-1.0687801,3.4345403,Charge,#0033ff,Charge,767,1124
NChargeMean,-1.6545985,3.4960654,Charge,#0033ff,Charge,768,1195
NChargeTotal,-2.2346067,3.241884,Charge,#0033ff,Charge,769,1118
PChargeMean,-1.2527249,3.5144062,Charge,#0033ff,Charge,770,1123
PChargeTotal,-0.62462044,1.547478,Charge,#0033ff,Charge,771,790
SumSquareChargeAll,-1.2440164,3.7374272,Charge,#0033ff,Charge,772,1343
SumSquareChargeO,-1.1151022,2.7102542,Charge,#0033ff,Charge,773,1011
SumSquareChargeN,0.5589862,2.0160103,Charge,#0033ff,Charge,774,948
SumSquareChargeC,-1.1210653,3.7112062,Charge,#0033ff,Charge,775,1311
SumSquareChargeH,-1.0949092,3.645695,Charge,#0033ff,Charge,776,1238
NChargeAllMax,-1.4960808,3.5610158,Charge,#0033ff,Charge,777,1305
PChargeAllMax,-1.222904,3.653502,Charge,#0033ff,Charge,778,1234
NChargeOMax,-1.8841074,3.3181944,Charge,#0033ff,Charge,779,1158
NChargeNMax,-2.119515,3.0724983,Charge,#0033ff,Charge,780,1045
NChargeCMax,-1.4239701,3.5759046,Charge,#0033ff,Charge,781,1232
NChargeHMax,-1.3077066,3.6859002,Charge,#0033ff,Charge,782,1342
PChargeOMax,-1.7852952,3.2968564,Charge,#0033ff,Charge,783,1085
PChargeNMax,-2.0120265,3.006588,Charge,#0033ff,Charge,784,1048
PChargeCMax,-1.1747379,3.7203515,Charge,#0033ff,Charge,785,1310
PChargeHMax,-1.2409598,3.6041775,Charge,#0033ff,Charge,786,1197
NsssB,-1.1862952,-0.7745044,Estate,#6568f7,Estate,787,193
NssssB,-1.539502,0.67778695,Estate,#6568f7,Estate,788,563
NsCH3,-0.14215215,-1.4622264,Estate,#6568f7,Estate,789,128
NdCH2,1.0802757,2.4004583,Estate,#6568f7,Estate,790,1059
NssCH2,0.5874364,-1.7649283,Estate,#6568f7,Estate,791,61
NtCH,0.0616241,4.1559253,Estate,#6568f7,Estate,792,1313
NdsCH,0.75498426,-0.8893806,Estate,#6568f7,Estate,793,210
NaaCH,0.3213379,1.0932691,Estate,#6568f7,Estate,794,724
NsssCH,-0.19396651,-1.4872532,Estate,#6568f7,Estate,795,89
NddC,0.3109124,1.8968413,Estate,#6568f7,Estate,796,910
NtsC,0.008126532,3.8751163,Estate,#6568f7,Estate,797,1278
NdssC,-0.3724043,1.5920111,Estate,#6568f7,Estate,798,831
NaasC,0.24759273,0.85353917,Estate,#6568f7,Estate,799,649
NaaaC,0.30675867,0.85615015,Estate,#6568f7,Estate,800,613
NssssC,-0.80597734,0.36122742,Estate,#6568f7,Estate,801,456
NsNH3,-0.6295739,3.0476928,Estate,#6568f7,Estate,802,1164
NsNH2,0.05695431,2.6587958,Estate,#6568f7,Estate,803,1092
NssNH2,-0.897719,2.7134166,Estate,#6568f7,Estate,804,1087
NdNH,-0.010345968,2.666522,Estate,#6568f7,Estate,805,1129
NssNH,0.418795,2.354593,Estate,#6568f7,Estate,806,1020
NaaNH,0.34253344,3.3239305,Estate,#6568f7,Estate,807,1205
NtN,-0.025340173,3.8304818,Estate,#6568f7,Estate,808,1240
NsssNH,-0.6250072,2.7905638,Estate,#6568f7,Estate,809,1090
NdsN,0.25776768,1.9437163,Estate,#6568f7,Estate,810,944
NaaN,1.1612529,1.1272867,Estate,#6568f7,Estate,811,691
NsssN,0.7512156,1.6143597,Estate,#6568f7,Estate,812,875
NddsN,-0.49404576,2.2754567,Estate,#6568f7,Estate,813,978
NaasN,0.99322665,1.2190583,Estate,#6568f7,Estate,814,764
NssssN,0.74616337,-1.7708358,Estate,#6568f7,Estate,815,63
NsOH,-0.93092644,2.1720872,Estate,#6568f7,Estate,816,937
NdO,-0.3837926,1.6059234,Estate,#6568f7,Estate,817,830
NssO,-0.5974196,1.759055,Estate,#6568f7,Estate,818,827
NaaO,1.0369875,0.65139097,Estate,#6568f7,Estate,819,543
NsF,-1.1465275,0.83099324,Estate,#6568f7,Estate,820,565
NssSiH2,-0.958208,-0.68354124,Estate,#6568f7,Estate,821,194
NsssSiH,-0.68653363,-0.93764526,Estate,#6568f7,Estate,822,160
NssssSi,-0.9352024,-0.73260987,Estate,#6568f7,Estate,823,195
NsPH2,-1.5015174,-1.123558,Estate,#6568f7,Estate,824,80
NssPH,-1.4849963,-1.161056,Estate,#6568f7,Estate,825,42
NsssP,-1.0236976,-1.1685144,Estate,#6568f7,Estate,826,120
NdsssP,-1.3337576,0.21399371,Estate,#6568f7,Estate,827,380
NsssssP,-1.1922939,3.6692083,Estate,#6568f7,Estate,828,1272
NsSH,0.7419352,2.9377675,Estate,#6568f7,Estate,829,1133
NdS,1.7137767,-0.0644395,Estate,#6568f7,Estate,830,360
NssS,1.0783653,2.3541055,Estate,#6568f7,Estate,831,985
NaaS,1.5584832,1.1397399,Estate,#6568f7,Estate,832,730
NdssS,0.9106499,1.9494389,Estate,#6568f7,Estate,833,949
NddssS,-1.1338171,1.1966699,Estate,#6568f7,Estate,834,677
NsCl,2.4730246,-0.38125405,Estate,#6568f7,Estate,835,366
NssSe,-1.1682497,3.664176,Estate,#6568f7,Estate,836,1236
NaaSe,-1.1583983,3.621598,Estate,#6568f7,Estate,837,1200
NsBr,2.2492077,-0.9758072,Estate,#6568f7,Estate,838,217
NssssSn,-1.1571368,3.6368473,Estate,#6568f7,Estate,839,1237
NsI,1.8623868,-0.90127736,Estate,#6568f7,Estate,840,213
SsssB,-2.3002777,2.784331,Estate,#6568f7,Estate,841,970
SssssB,-2.393404,3.0992987,Estate,#6568f7,Estate,842,1006
SsCH3,-0.17946999,-1.5521214,Estate,#6568f7,Estate,843,53
SdCH2,1.1415403,2.425286,Estate,#6568f7,Estate,844,1060
SssCH2,0.5068157,-1.8255142,Estate,#6568f7,Estate,845,23
StCH,0.08067699,4.1701775,Estate,#6568f7,Estate,846,1314
SdsCH,0.73805875,-0.868214,Estate,#6568f7,Estate,847,247
SaaCH,0.2746856,1.1072102,Estate,#6568f7,Estate,848,723
SsssCH,-2.4535358,3.508478,Estate,#6568f7,Estate,849,1303
SddC,0.23889798,1.8459326,Estate,#6568f7,Estate,850,835
StsC,0.028221225,3.769295,Estate,#6568f7,Estate,851,1204
SdssC,-2.2592869,3.4740946,Estate,#6568f7,Estate,852,1267
SaasC,0.4991062,1.0045905,Estate,#6568f7,Estate,853,652
SaaaC,0.2579551,0.8316498,Estate,#6568f7,Estate,854,612
SssssC,-2.233965,3.452745,Estate,#6568f7,Estate,855,1268
SsNH3,-0.6702627,3.0461707,Estate,#6568f7,Estate,856,1126
SsNH2,0.10981234,2.6440656,Estate,#6568f7,Estate,857,1094
SssNH2,-0.88566536,2.7085795,Estate,#6568f7,Estate,858,1050
SdNH,-0.066464104,2.6588118,Estate,#6568f7,Estate,859,1091
SssNH,0.44848007,2.3664265,Estate,#6568f7,Estate,860,1021
SaaNH,0.34922802,3.3041117,Estate,#6568f7,Estate,861,1168
StN,-0.052947752,3.8512185,Estate,#6568f7,Estate,862,1312
SsssNH,-0.6690753,2.760884,Estate,#6568f7,Estate,863,1089
SdsN,0.25642726,1.9069929,Estate,#6568f7,Estate,864,908
SaaN,1.1567824,1.1327391,Estate,#6568f7,Estate,865,729
SsssN,0.6772647,1.6426274,Estate,#6568f7,Estate,866,873
SddsN,-2.11038,3.0411901,Estate,#6568f7,Estate,867,1046
SaasN,1.045446,1.1725414,Estate,#6568f7,Estate,868,727
SssssN,0.83750606,-1.7643088,Estate,#6568f7,Estate,869,64
SsOH,-0.90650487,2.2312868,Estate,#6568f7,Estate,870,974
SdO,-0.35846758,1.5781331,Estate,#6568f7,Estate,871,794
SssO,-0.5199132,1.8470687,Estate,#6568f7,Estate,872,903
SaaO,1.0054864,0.6822182,Estate,#6568f7,Estate,873,580
SsF,-1.1377289,0.8314433,Estate,#6568f7,Estate,874,602
SssSiH2,-2.962854,2.950913,Estate,#6568f7,Estate,875,1003
SsssSiH,-3.0018804,2.9818408,Estate,#6568f7,Estate,876,1040
SssssSi,-2.8589447,2.936269,Estate,#6568f7,Estate,877,967
SsPH2,-1.5294061,-1.0895051,Estate,#6568f7,Estate,878,154
SssPH,-1.4617131,-1.184493,Estate,#6568f7,Estate,879,43
SsssP,-2.4523053,3.447754,Estate,#6568f7,Estate,880,1228
SdsssP,-2.631519,3.3384333,Estate,#6568f7,Estate,881,1190
SsssssP,-1.3076879,3.6318908,Estate,#6568f7,Estate,882,1269
SsSH,0.7141787,2.990285,Estate,#6568f7,Estate,883,1132
SdS,1.6958042,-0.11259122,Estate,#6568f7,Estate,884,323
SssS,1.0452677,2.3932676,Estate,#6568f7,Estate,885,1022
SaaS,1.58667,1.0953145,Estate,#6568f7,Estate,886,657
SdssS,-2.0046794,2.9431705,Estate,#6568f7,Estate,887,1009
SddssS,-2.0193753,3.258414,Estate,#6568f7,Estate,888,1157
SsCl,2.4474998,-0.396518,Estate,#6568f7,Estate,889,328
SssssGe,-1.1547507,3.6693609,Estate,#6568f7,Estate,890,1274
SsssAs,-1.305086,3.5154576,Estate,#6568f7,Estate,891,1122
SsssdAs,-1.2273809,3.5564158,Estate,#6568f7,Estate,892,1161
SdSe,-1.2623737,3.6218932,Estate,#6568f7,Estate,893,1233
SssSe,-1.1081332,3.7001312,Estate,#6568f7,Estate,894,1275
SsBr,2.2456007,-0.99615264,Estate,#6568f7,Estate,895,178
SssssSn,-1.1666719,3.6323292,Estate,#6568f7,Estate,896,1199
SsI,1.8362522,-0.94046456,Estate,#6568f7,Estate,897,139
SssssPb,-0.87740946,1.5280538,Estate,#6568f7,Estate,898,788
MAXsssB,-2.4610207,3.1045825,Estate,#6568f7,Estate,899,1042
MAXssssB,-2.4841206,3.1486313,Estate,#6568f7,Estate,900,1080
MAXsCH3,2.0852814,2.337705,Estate,#6568f7,Estate,901,990
MAXdCH2,1.1871556,2.4693267,Estate,#6568f7,Estate,902,1097
MAXssCH2,1.5893288,2.5866015,Estate,#6568f7,Estate,903,1135
MAXtCH,0.113974035,4.2315283,Estate,#6568f7,Estate,904,1316
MAXdsCH,0.6123761,-0.81018597,Estate,#6568f7,Estate,905,283
MAXaaCH,2.2035186,0.80513597,Estate,#6568f7,Estate,906,586
MAXsssCH,-2.4843342,3.4830687,Estate,#6568f7,Estate,907,1265
MAXddC,0.29431397,1.8862801,Estate,#6568f7,Estate,908,872
MAXtsC,-0.018629242,3.8473907,Estate,#6568f7,Estate,909,1241
MAXdssC,-2.3038356,3.5127025,Estate,#6568f7,Estate,910,1341
MAXaasC,2.1385214,1.0527322,Estate,#6568f7,Estate,911,622
MAXaaaC,0.44009382,0.766686,Estate,#6568f7,Estate,912,577
MAXssssC,-2.217788,3.4220464,Estate,#6568f7,Estate,913,1230
MAXsNH3,-0.7239773,3.1010458,Estate,#6568f7,Estate,914,1125
MAXsNH2,0.08474905,2.6594794,Estate,#6568f7,Estate,915,1130
MAXssNH2,-0.9222273,2.7540598,Estate,#6568f7,Estate,916,1086
MAXdNH,0.018024255,2.6345086,Estate,#6568f7,Estate,917,1055
MAXssNH,0.73151493,2.4545207,Estate,#6568f7,Estate,918,1095
MAXaaNH,0.3853417,3.2798088,Estate,#6568f7,Estate,919,1169
MAXtN,-0.034291312,3.851182,Estate,#6568f7,Estate,920,1276
MAXsssNH,-0.62074494,2.8162127,Estate,#6568f7,Estate,921,1127
MAXdsN,0.28230175,1.9365579,Estate,#6568f7,Estate,922,945
MAXaaN,1.1798198,1.1160492,Estate,#6568f7,Estate,923,692
MAXsssN,0.8695503,1.748403,Estate,#6568f7,Estate,924,876
MAXddsN,-2.171124,3.047624,Estate,#6568f7,Estate,925,1007
MAXaasN,0.99345374,1.2251478,Estate,#6568f7,Estate,926,801
MAXssssN,0.7991731,-1.8222677,Estate,#6568f7,Estate,927,26
MAXsOH,-0.8775646,2.2505288,Estate,#6568f7,Estate,928,975
MAXdO,-0.016011283,1.7296076,Estate,#6568f7,Estate,929,833
MAXssO,-0.50130177,1.9839813,Estate,#6568f7,Estate,930,941
MAXaaO,1.0813841,0.6328136,Estate,#6568f7,Estate,931,507
MAXsF,-1.0585811,0.8166026,Estate,#6568f7,Estate,932,530
MAXsssSiH,-2.9769435,3.0294876,Estate,#6568f7,Estate,933,1076
MAXssssSi,-2.7748086,2.9926324,Estate,#6568f7,Estate,934,1005
MAXsPH2,-1.5719676,-1.0917859,Estate,#6568f7,Estate,935,79
MAXssPH,-1.4802995,-1.1866366,Estate,#6568f7,Estate,936,5
MAXsssP,-2.429466,3.3684137,Estate,#6568f7,Estate,937,1154
MAXdsssP,-2.6243157,3.3224974,Estate,#6568f7,Estate,938,1116
MAXsssssP,-1.3162204,3.5971649,Estate,#6568f7,Estate,939,1196
MAXsSH,0.7310912,2.9841394,Estate,#6568f7,Estate,940,1170
MAXdS,1.7814463,-0.07505035,Estate,#6568f7,Estate,941,399
MAXssS,1.1539927,2.3140128,Estate,#6568f7,Estate,942,950
MAXaaS,1.5568458,1.061128,Estate,#6568f7,Estate,943,621
MAXdssS,-2.0879784,2.9500573,Estate,#6568f7,Estate,944,1008
MAXddssS,-1.9826617,3.2345133,Estate,#6568f7,Estate,945,1121
MAXsCl,2.4489129,-0.40326467,Estate,#6568f7,Estate,946,291
MAXssssGe,-1.2341809,3.6850996,Estate,#6568f7,Estate,947,1271
MAXsssdAs,-1.2859051,3.5963686,Estate,#6568f7,Estate,948,1160
MAXdSe,-1.2069422,3.6472228,Estate,#6568f7,Estate,949,1198
MAXsBr,2.248201,-0.97446597,Estate,#6568f7,Estate,950,216
MAXssssSn,-1.1778594,3.69313,Estate,#6568f7,Estate,951,1309
MAXsI,1.8948716,-0.9064143,Estate,#6568f7,Estate,952,177
MINsssB,-2.4466956,3.1129577,Estate,#6568f7,Estate,953,1043
MINssssB,-2.5208063,3.1883996,Estate,#6568f7,Estate,954,1117
MINsCH3,2.1539915,2.5712738,Estate,#6568f7,Estate,955,1065
MINdCH2,1.1562232,2.4702692,Estate,#6568f7,Estate,956,1134
MINssCH2,1.6457467,2.523565,Estate,#6568f7,Estate,957,1025
MINtCH,0.10601968,4.2046514,Estate,#6568f7,Estate,958,1315
MINdsCH,0.5849385,-0.81963617,Estate,#6568f7,Estate,959,246
MINaaCH,2.2203307,0.92573655,Estate,#6568f7,Estate,960,587
MINsssCH,-2.4082081,3.47011,Estate,#6568f7,Estate,961,1229
MINddC,0.30921647,1.8966796,Estate,#6568f7,Estate,962,909
MINtsC,-0.023508351,3.8819563,Estate,#6568f7,Estate,963,1277
MINdssC,-2.238523,3.479241,Estate,#6568f7,Estate,964,1304
MINaasC,1.7804563,2.0092762,Estate,#6568f7,Estate,965,914
MINaaaC,0.33187988,0.7672369,Estate,#6568f7,Estate,966,614
MINssssC,-2.1928823,3.4158158,Estate,#6568f7,Estate,967,1231
MINsNH3,-0.6814666,3.073428,Estate,#6568f7,Estate,968,1163
MINsNH2,0.06305742,2.6393797,Estate,#6568f7,Estate,969,1093
MINssNH2,-0.910716,2.7124588,Estate,#6568f7,Estate,970,1049
MINdNH,-0.005338662,2.6775951,Estate,#6568f7,Estate,971,1166
MINssNH,0.81850636,2.478557,Estate,#6568f7,Estate,972,1096
MINaaNH,0.3560695,3.311352,Estate,#6568f7,Estate,973,1206
MINtN,-0.031933468,3.8460646,Estate,#6568f7,Estate,974,1239
MINsssNH,-0.6454352,2.735186,Estate,#6568f7,Estate,975,1051
MINdsN,0.28367698,1.9641083,Estate,#6568f7,Estate,976,983
MINaaN,1.1559517,1.0963868,Estate,#6568f7,Estate,977,655
MINsssN,0.8882066,1.793291,Estate,#6568f7,Estate,978,912
MINddsN,-2.1423607,3.1121662,Estate,#6568f7,Estate,979,1082
MINaasN,1.0114641,1.1911081,Estate,#6568f7,Estate,980,726
MINssssN,0.7812882,-1.8081926,Estate,#6568f7,Estate,981,25
MINsOH,-0.8477067,2.2849047,Estate,#6568f7,Estate,982,976
MINdO,-0.00023490655,1.786863,Estate,#6568f7,Estate,983,907
MINssO,-0.36993495,2.039369,Estate,#6568f7,Estate,984,942
MINaaO,1.0900114,0.6732868,Estate,#6568f7,Estate,985,544
MINsF,-1.0127113,0.84938884,Estate,#6568f7,Estate,986,567
MINsssSiH,-2.9414325,3.0535176,Estate,#6568f7,Estate,987,1041
MINssssSi,-2.7826736,2.9546638,Estate,#6568f7,Estate,988,1004
MINsPH2,-1.4883263,-1.1098446,Estate,#6568f7,Estate,989,117
MINssPH,-1.4396224,-1.1230453,Estate,#6568f7,Estate,990,118
MINsssP,-2.5042393,3.3864152,Estate,#6568f7,Estate,991,1191
MINdsssP,-2.569848,3.3682234,Estate,#6568f7,Estate,992,1227
MINsssssP,-1.2510788,3.7081146,Estate,#6568f7,Estate,993,1306
MINsSH,0.8274417,2.954142,Estate,#6568f7,Estate,994,1171
MINdS,1.727313,-0.08158179,Estate,#6568f7,Estate,995,361
MINssS,1.1557509,2.3944802,Estate,#6568f7,Estate,996,1023
MINaaS,1.5943532,1.1252168,Estate,#6568f7,Estate,997,694
MINdssS,-2.0450506,3.048062,Estate,#6568f7,Estate,998,1047
MINddssS,-1.9898233,3.2191393,Estate,#6568f7,Estate,999,1084
MINsCl,2.466493,-0.37289944,Estate,#6568f7,Estate,1000,404
MINssssGe,-1.2206684,3.7278755,Estate,#6568f7,Estate,1001,1307
MINsssdAs,-1.3829752,3.5834615,Estate,#6568f7,Estate,1002,1159
MINdSe,-1.2874721,3.6657991,Estate,#6568f7,Estate,1003,1270
MINsBr,2.2402925,-0.9806634,Estate,#6568f7,Estate,1004,215
MINssssSn,-1.1766552,3.6808312,Estate,#6568f7,Estate,1005,1273
MINsI,1.8680949,-0.8955583,Estate,#6568f7,Estate,1006,214
LabuteASA,0.10628585,-0.50527906,MOE,#a700ff,MOE,1007,280
PEOE_VSA1,-0.69328934,2.1624868,MOE,#a700ff,MOE,1008,940
PEOE_VSA2,-0.3666031,1.5219246,MOE,#a700ff,MOE,1009,757
PEOE_VSA3,-0.40686175,1.0972964,MOE,#a700ff,MOE,1010,645
PEOE_VSA4,-1.2025182,0.7993296,MOE,#a700ff,MOE,1011,564
PEOE_VSA5,1.567327,1.1984159,MOE,#a700ff,MOE,1012,767
PEOE_VSA6,-0.18503611,-1.1263618,MOE,#a700ff,MOE,1013,165
PEOE_VSA7,-0.27256936,-0.6906376,MOE,#a700ff,MOE,1014,238
PEOE_VSA8,1.0959569,1.4582671,MOE,#a700ff,MOE,1015,839
PEOE_VSA9,-0.46639907,1.2102821,MOE,#a700ff,MOE,1016,718
PEOE_VSA10,-0.6881921,1.5171391,MOE,#a700ff,MOE,1017,753
PEOE_VSA11,-0.28156787,0.9407321,MOE,#a700ff,MOE,1018,646
PEOE_VSA12,-0.38822758,1.5529165,MOE,#a700ff,MOE,1019,756
PEOE_VSA13,-0.2157922,1.6436908,MOE,#a700ff,MOE,1020,869
SMR_VSA1,-0.8260458,1.4038097,MOE,#a700ff,MOE,1021,752
SMR_VSA2,-0.026716698,3.8087862,MOE,#a700ff,MOE,1022,1203
SMR_VSA3,1.1948951,1.2030559,MOE,#a700ff,MOE,1023,766
SMR_VSA4,-0.19969033,-1.4233503,MOE,#a700ff,MOE,1024,127
SMR_VSA5,0.31259814,-1.81576,MOE,#a700ff,MOE,1025,22
SMR_VSA6,0.62521076,1.7099136,MOE,#a700ff,MOE,1026,911
SMR_VSA7,0.28993726,1.0747378,MOE,#a700ff,MOE,1027,687
SMR_VSA9,0.12119727,0.94943297,MOE,#a700ff,MOE,1028,648
SlogP_VSA1,-0.49928826,2.3110578,MOE,#a700ff,MOE,1029,1016
SlogP_VSA2,0.1582045,1.6381625,MOE,#a700ff,MOE,1030,834
SlogP_VSA3,-0.46992266,1.0805478,MOE,#a700ff,MOE,1031,681
SlogP_VSA4,-0.29565787,-0.28977388,MOE,#a700ff,MOE,1032,310
SlogP_VSA5,0.37952968,-1.743187,MOE,#a700ff,MOE,1033,60
SlogP_VSA6,0.2594201,1.1194097,MOE,#a700ff,MOE,1034,760
SlogP_VSA7,2.4636686,-0.40923804,MOE,#a700ff,MOE,1035,254
SlogP_VSA8,0.32285628,0.88055086,MOE,#a700ff,MOE,1036,650
SlogP_VSA10,-0.81563824,0.9284749,MOE,#a700ff,MOE,1037,604
SlogP_VSA11,-0.6332561,1.9076879,MOE,#a700ff,MOE,1038,902
EState_VSA1,-0.8466545,1.220993,MOE,#a700ff,MOE,1039,715
EState_VSA2,-0.7084652,1.2564524,MOE,#a700ff,MOE,1040,717
EState_VSA3,0.13610974,-0.32512856,MOE,#a700ff,MOE,1041,355
EState_VSA4,0.309017,-1.4567149,MOE,#a700ff,MOE,1042,95
EState_VSA5,0.52836996,-1.7819176,MOE,#a700ff,MOE,1043,24
EState_VSA6,1.7130758,0.59047914,MOE,#a700ff,MOE,1044,508
EState_VSA7,0.33436927,1.1176667,MOE,#a700ff,MOE,1045,761
EState_VSA8,-0.4592984,-1.008967,MOE,#a700ff,MOE,1046,126
EState_VSA9,1.4758344,-0.033657297,MOE,#a700ff,MOE,1047,397
EState_VSA10,-0.800918,1.1371338,MOE,#a700ff,MOE,1048,716
VSA_EState1,-1.045409,0.8429255,MOE,#a700ff,MOE,1049,603
VSA_EState2,-0.48652107,1.6667187,MOE,#a700ff,MOE,1050,829
VSA_EState3,-0.6560992,2.3975742,MOE,#a700ff,MOE,1051,1014
VSA_EState4,0.104468815,2.5915852,MOE,#a700ff,MOE,1052,1057
VSA_EState5,-2.3612597,3.4757333,MOE,#a700ff,MOE,1053,1266
VSA_EState6,0.27198607,1.0669323,MOE,#a700ff,MOE,1054,686
VSA_EState7,0.6122886,-1.7057215,MOE,#a700ff,MOE,1055,62
VSA_EState8,0.013500157,-1.6456791,MOE,#a700ff,MOE,1056,91
VSA_EState9,-1.341121,-0.78515184,MOE,#a700ff,MOE,1057,155
Xch-3d,0.6718634,0.4524234,Connectivity,#4fff00,Connectivity,1058,504
Xch-4d,0.7699918,0.39805612,Connectivity,#4fff00,Connectivity,1059,468
Xch-5d,0.6312117,0.47636166,Connectivity,#4fff00,Connectivity,1060,541
Xch-6d,0.39901218,0.36084577,Connectivity,#4fff00,Connectivity,1061,466
Xch-7d,0.3017131,0.34203908,Connectivity,#4fff00,Connectivity,1062,465
Xch-3dv,0.76929194,0.4524175,Connectivity,#4fff00,Connectivity,1063,506
Xch-4dv,0.6774185,0.4143738,Connectivity,#4fff00,Connectivity,1064,505
Xch-5dv,0.61411685,0.37627685,Connectivity,#4fff00,Connectivity,1065,467
Xch-6dv,0.4983591,0.35047603,Connectivity,#4fff00,Connectivity,1066,430
Xch-7dv,0.38573986,0.24812889,Connectivity,#4fff00,Connectivity,1067,391
Xc-3d,-0.43918154,0.00035347938,Connectivity,#4fff00,Connectivity,1068,384
Xc-4d,-1.1629488,0.3367208,Connectivity,#4fff00,Connectivity,1069,418
Xc-5d,-0.60439,0.24295019,Connectivity,#4fff00,Connectivity,1070,421
Xc-6d,-1.0444939,0.5088194,Connectivity,#4fff00,Connectivity,1071,492
Xc-3dv,-0.8176126,-0.66491425,Connectivity,#4fff00,Connectivity,1072,234
Xc-4dv,-0.99878824,-0.6741532,Connectivity,#4fff00,Connectivity,1073,231
Xc-5dv,-0.9041387,-0.6411242,Connectivity,#4fff00,Connectivity,1074,232
Xc-6dv,-0.9301047,-0.6288841,Connectivity,#4fff00,Connectivity,1075,268
Xpc-4d,-0.3248067,0.08738075,Connectivity,#4fff00,Connectivity,1076,422
Xpc-5d,-0.109577,0.1619622,Connectivity,#4fff00,Connectivity,1077,423
Xpc-6d,-0.04212584,0.22372556,Connectivity,#4fff00,Connectivity,1078,461
Xpc-4dv,-0.83088136,-0.684598,Connectivity,#4fff00,Connectivity,1079,196
Xpc-5dv,-0.8761004,-0.63132906,Connectivity,#4fff00,Connectivity,1080,270
Xpc-6dv,-0.8840213,-0.65704685,Connectivity,#4fff00,Connectivity,1081,233
Xp-0d,-6.3474183,6.8333564,Connectivity,#4fff00,Connectivity,1082,1224
Xp-1d,0.039851185,-0.39329216,Connectivity,#4fff00,Connectivity,1083,315
Xp-2d,-0.042528335,-0.22570232,Connectivity,#4fff00,Connectivity,1084,351
Xp-3d,-0.06450197,-0.015455519,Connectivity,#4fff00,Connectivity,1085,387
Xp-4d,0.06617259,0.231269,Connectivity,#4fff00,Connectivity,1086,390
Xp-5d,0.08942262,0.41645637,Connectivity,#4fff00,Connectivity,1087,536
Xp-6d,0.084100544,0.36899182,Connectivity,#4fff00,Connectivity,1088,463
Xp-7d,0.1541433,0.4541766,Connectivity,#4fff00,Connectivity,1089,538
AXp-0d,1.790315,5.420833,Connectivity,#4fff00,Connectivity,1090,1286
AXp-1d,2.4161189,2.4645166,Connectivity,#4fff00,Connectivity,1091,1066
AXp-2d,2.2597494,2.6330698,Connectivity,#4fff00,Connectivity,1092,1140
AXp-3d,2.2431042,2.5942917,Connectivity,#4fff00,Connectivity,1093,1103
AXp-4d,2.1866736,2.665535,Connectivity,#4fff00,Connectivity,1094,1177
Xp-0dv,0.028227847,-0.5805246,Connectivity,#4fff00,Connectivity,1095,277
Xp-1dv,-0.1951145,-0.7530504,Connectivity,#4fff00,Connectivity,1096,202
Xp-2dv,-0.58463925,-0.7853763,Connectivity,#4fff00,Connectivity,1097,235
Xp-3dv,-0.69395036,-0.7937878,Connectivity,#4fff00,Connectivity,1098,198
Xp-4dv,-0.745809,-0.860111,Connectivity,#4fff00,Connectivity,1099,197
Xp-5dv,-0.8039913,-0.91403425,Connectivity,#4fff00,Connectivity,1100,159
Xp-6dv,-0.8823294,-0.9079368,Connectivity,#4fff00,Connectivity,1101,158
Xp-7dv,-0.8892674,-0.98464257,Connectivity,#4fff00,Connectivity,1102,157
AXp-0dv,2.176519,2.615422,Connectivity,#4fff00,Connectivity,1103,1102
AXp-1dv,2.0506618,2.740684,Connectivity,#4fff00,Connectivity,1104,1213
AXp-2dv,1.9182754,2.7641387,Connectivity,#4fff00,Connectivity,1105,1175
AXp-3dv,1.8345497,2.816735,Connectivity,#4fff00,Connectivity,1106,1212
AXp-4dv,1.7978249,2.891478,Connectivity,#4fff00,Connectivity,1107,1211
AXp-5dv,1.7876458,2.8656604,Connectivity,#4fff00,Connectivity,1108,1210
AXp-6dv,1.7500312,2.8741243,Connectivity,#4fff00,Connectivity,1109,1209
AXp-7dv,1.7679162,2.8173223,Connectivity,#4fff00,Connectivity,1110,1173
IndexWeiner,1.8740928,1.7110997,Topology,#00ff1b,Topology,1111,878
IndexAvgWeiner,2.2991,2.2998028,Topology,#00ff1b,Topology,1112,991
IndexBalabanJ,1.4265872,5.1253505,Topology,#00ff1b,Topology,1113,1282
IndexBertzCT,2.267623,1.4464858,Topology,#00ff1b,Topology,1114,659
IndexGraphDistance,2.1131566,1.4980257,Topology,#00ff1b,Topology,1115,731
IndexXu,1.6092149,1.6297256,Topology,#00ff1b,Topology,1116,877
IndexIpc,2.0400546,1.427276,Topology,#00ff1b,Topology,1117,658
IndexGutmanTopo,2.1339068,1.5205494,Topology,#00ff1b,Topology,1118,768
IndexPogliani,2.211064,1.5483648,Topology,#00ff1b,Topology,1119,769
IndexPolarity,2.1282883,1.4468508,Topology,#00ff1b,Topology,1120,695
IndexHarary,2.1650016,1.5125571,Topology,#00ff1b,Topology,1121,696
IndexSchiultz,1.8673632,1.6889012,Topology,#00ff1b,Topology,1122,841
IndexZagreb1,2.2837887,1.5844377,Topology,#00ff1b,Topology,1123,770
IndexZagreb2,2.231488,1.5630834,Topology,#00ff1b,Topology,1124,806
IndexMZagreb1,2.1285007,1.4964452,Topology,#00ff1b,Topology,1125,732
IndexMZagreb2,-0.9753738,-1.6271427,Topology,#00ff1b,Topology,1126,7
IndexPlatt,2.1819892,1.5362246,Topology,#00ff1b,Topology,1127,805
IndexDiameter,1.6604315,1.6156167,Topology,#00ff1b,Topology,1128,840
IndexRadius,1.5645328,1.5595558,Topology,#00ff1b,Topology,1129,803
IndexPetitjean,1.4385415,5.1235776,Topology,#00ff1b,Topology,1130,1246
IndexSimpleTopo,-0.01672328,-0.21900865,Topology,#00ff1b,Topology,1131,389
IndexHarmonicTopo,2.4322426,1.917751,Topology,#00ff1b,Topology,1132,880
IndexGeometricTopo,2.5868468,1.9344928,Topology,#00ff1b,Topology,1133,918
IndexArithmeticTopo,2.6675475,2.0691872,Topology,#00ff1b,Topology,1134,956
HallKierAlpha,-2.1257422,3.2548556,Kappa,#00ff86,Kappa,1135,1119
Kappa1,0.41171643,-0.9633048,Kappa,#00ff86,Kappa,1136,209
Kappa2,0.69574165,-1.4597026,Kappa,#00ff86,Kappa,1137,137
Kappa3,0.6561699,-1.4689106,Kappa,#00ff86,Kappa,1138,136
KappaAlapha1,0.3279419,-1.0030352,Kappa,#00ff86,Kappa,1139,206
KappaAlapha2,0.6339095,-1.4840122,Kappa,#00ff86,Kappa,1140,98
KappaAlapha3,0.64010775,-1.4609623,Kappa,#00ff86,Kappa,1141,173
KierFlexibilit,0.67749476,-1.4943863,Kappa,#00ff86,Kappa,1142,100
AllPathsOfLength1,-0.030097382,-0.28646228,Path,#00fff6,Path,1143,314
AllPathsOfLength2,-0.09233545,-0.051866297,Path,#00fff6,Path,1144,386
AllPathsOfLength3,0.031862043,0.24825214,Path,#00fff6,Path,1145,425
AllPathsOfLength4,0.11601943,0.38646212,Path,#00fff6,Path,1146,500
AllPathsOfLength5,0.07437187,0.38214776,Path,#00fff6,Path,1147,499
AllPathsOfLength6,0.15099919,0.42620027,Path,#00fff6,Path,1148,501
AllSubgraphsOfLength1,-0.056239937,-0.28928167,Path,#00fff6,Path,1149,313
AllSubgraphsOfLength2,-0.06098082,-0.026113138,Path,#00fff6,Path,1150,388
AllSubgraphsOfLength3,-0.052966457,0.20627263,Path,#00fff6,Path,1151,424
AllSubgraphsOfLength4,0.077186674,0.37319586,Path,#00fff6,Path,1152,462
AllSubgraphsOfLength5,0.036847174,0.43614802,Path,#00fff6,Path,1153,535
AllSubgraphsOfLength6,0.030400293,0.36586013,Path,#00fff6,Path,1154,498
UniqueSubgraphsOfLength1,1.600848,0.76179945,Path,#00fff6,Path,1155,583
UniqueSubgraphsOfLength2,1.5461181,0.79855895,Path,#00fff6,Path,1156,582
UniqueSubgraphsOfLength3,1.4765269,0.7738162,Path,#00fff6,Path,1157,545
UniqueSubgraphsOfLength4,1.3607897,0.79519933,Path,#00fff6,Path,1158,618
UniqueSubgraphsOfLength5,1.2543033,0.77642167,Path,#00fff6,Path,1159,581
UniqueSubgraphsOfLength6,1.0247027,0.8170069,Path,#00fff6,Path,1160,617
SpAbs_A,-6.527773,6.855752,Matrix,#ff00ed,Matrix,1161,1186
SpMax_A,1.828552,5.5177975,Matrix,#ff00ed,Matrix,1162,1322
SpDiam_A,1.8923331,5.5823503,Matrix,#ff00ed,Matrix,1163,1288
SpAD_A,-6.4817734,6.8458376,Matrix,#ff00ed,Matrix,1164,1149
SpMAD_A,1.8755546,5.5677423,Matrix,#ff00ed,Matrix,1165,1323
LogEE_A,1.9821173,5.7164435,Matrix,#ff00ed,Matrix,1166,1289
VE1_A,1.9915521,5.7332706,Matrix,#ff00ed,Matrix,1167,1327
VE2_A,1.3923836,5.1107874,Matrix,#ff00ed,Matrix,1168,1280
VE3_A,-6.2092423,6.71547,Matrix,#ff00ed,Matrix,1169,1187
VR1_A,-0.54770005,3.3017795,Matrix,#ff00ed,Matrix,1170,1165
VR2_A,-0.585659,3.3227851,Matrix,#ff00ed,Matrix,1171,1201
VR3_A,-6.157344,6.728677,Matrix,#ff00ed,Matrix,1172,1302
SpAbs_DzZ,6.5963306,-2.3776476,Matrix,#ff00ed,Matrix,1173,443
SpMax_DzZ,6.6368055,-2.432353,Matrix,#ff00ed,Matrix,1174,368
SpDiam_DzZ,6.786533,-2.6624007,Matrix,#ff00ed,Matrix,1175,331
SpAD_DzZ,6.583776,-2.3663852,Matrix,#ff00ed,Matrix,1176,442
SpMAD_DzZ,-7.152027,7.865025,Matrix,#ff00ed,Matrix,1177,1297
LogEE_DzZ,6.633418,-2.4261827,Matrix,#ff00ed,Matrix,1178,406
SM1_DzZ,1.7049515,-0.30230075,Matrix,#ff00ed,Matrix,1179,285
VE1_DzZ,-6.3865247,7.8506427,Matrix,#ff00ed,Matrix,1180,1335
VE2_DzZ,1.430867,5.1538596,Matrix,#ff00ed,Matrix,1181,1320
VE3_DzZ,-6.1847034,6.745759,Matrix,#ff00ed,Matrix,1182,1264
VR1_DzZ,3.4008975,-3.6434858,Matrix,#ff00ed,Matrix,1183,31
VR2_DzZ,-7.046377,6.8403897,Matrix,#ff00ed,Matrix,1184,1110
VR3_DzZ,1.9760948,5.7181015,Matrix,#ff00ed,Matrix,1185,1325
SpAbs_Dzm,6.619512,-2.4191773,Matrix,#ff00ed,Matrix,1186,330
SpMax_Dzm,6.6061254,-2.3933995,Matrix,#ff00ed,Matrix,1187,405
SpDiam_Dzm,6.694903,-2.539025,Matrix,#ff00ed,Matrix,1188,292
SpAD_Dzm,6.6133485,-2.414041,Matrix,#ff00ed,Matrix,1189,367
SpMAD_Dzm,-7.1848307,7.897604,Matrix,#ff00ed,Matrix,1190,1258
LogEE_Dzm,6.587231,-2.3631904,Matrix,#ff00ed,Matrix,1191,480
SM1_Dzm,1.748493,-0.3100418,Matrix,#ff00ed,Matrix,1192,286
VE1_Dzm,-6.3372087,7.8088603,Matrix,#ff00ed,Matrix,1193,1337
VE2_Dzm,1.4201761,5.140776,Matrix,#ff00ed,Matrix,1194,1319
VE3_Dzm,-6.223701,6.655635,Matrix,#ff00ed,Matrix,1195,1112
VR1_Dzm,3.3991535,-3.6376042,Matrix,#ff00ed,Matrix,1196,30
VR2_Dzm,-7.030812,6.8414927,Matrix,#ff00ed,Matrix,1197,1148
VR3_Dzm,1.9959408,5.7375407,Matrix,#ff00ed,Matrix,1198,1291
SpAbs_Dzv,7.629024,-2.9145222,Matrix,#ff00ed,Matrix,1199,221
SpMax_Dzv,7.597821,-2.9935272,Matrix,#ff00ed,Matrix,1200,35
SpDiam_Dzv,7.668365,-2.9273589,Matrix,#ff00ed,Matrix,1201,36
SpAD_Dzv,7.704369,-2.8696973,Matrix,#ff00ed,Matrix,1202,369
SpMAD_Dzv,-7.1663427,7.884838,Matrix,#ff00ed,Matrix,1203,1334
LogEE_Dzv,7.6721306,-2.9114456,Matrix,#ff00ed,Matrix,1204,295
SM1_Dzv,-2.15179,3.258047,Matrix,#ff00ed,Matrix,1205,1156
VE1_Dzv,-6.343704,7.7858944,Matrix,#ff00ed,Matrix,1206,1298
VE2_Dzv,1.4511026,5.153035,Matrix,#ff00ed,Matrix,1207,1321
VE3_Dzv,-6.222581,6.7621555,Matrix,#ff00ed,Matrix,1208,1262
VR1_Dzv,3.3434477,-3.5648725,Matrix,#ff00ed,Matrix,1209,65
VR2_Dzv,-7.0151024,6.8621035,Matrix,#ff00ed,Matrix,1210,1223
VR3_Dzv,2.0361993,5.778456,Matrix,#ff00ed,Matrix,1211,1331
SpAbs_Dzse,6.8951263,-2.9281223,Matrix,#ff00ed,Matrix,1212,108
SpMax_Dzse,6.99402,-2.962368,Matrix,#ff00ed,Matrix,1213,72
SpDiam_Dzse,6.830563,-2.7092159,Matrix,#ff00ed,Matrix,1214,294
SpAD_Dzse,6.8631377,-2.9555426,Matrix,#ff00ed,Matrix,1215,33
SpMAD_Dzse,-7.2129564,7.922051,Matrix,#ff00ed,Matrix,1216,1332
LogEE_Dzse,6.9070363,-2.909748,Matrix,#ff00ed,Matrix,1217,145
SM1_Dzse,-0.7244443,0.994869,Matrix,#ff00ed,Matrix,1218,643
VE1_Dzse,-6.358134,7.841567,Matrix,#ff00ed,Matrix,1219,1336
VE2_Dzse,1.4383569,5.1392694,Matrix,#ff00ed,Matrix,1220,1284
VE3_Dzse,-6.1981425,6.7207484,Matrix,#ff00ed,Matrix,1221,1225
VR1_Dzse,3.398664,-3.6358259,Matrix,#ff00ed,Matrix,1222,29
VR2_Dzse,-7.0243506,6.831435,Matrix,#ff00ed,Matrix,1223,1111
VR3_Dzse,2.0002952,5.74535,Matrix,#ff00ed,Matrix,1224,1328
SpAbs_Dzpe,6.903876,-2.8944163,Matrix,#ff00ed,Matrix,1225,182
SpMax_Dzpe,6.87239,-2.91954,Matrix,#ff00ed,Matrix,1226,107
SpDiam_Dzpe,6.827735,-2.7275288,Matrix,#ff00ed,Matrix,1227,256
SpAD_Dzpe,6.926794,-2.969298,Matrix,#ff00ed,Matrix,1228,34
SpMAD_Dzpe,-7.1964526,7.910732,Matrix,#ff00ed,Matrix,1229,1333
LogEE_Dzpe,6.9140863,-2.9402277,Matrix,#ff00ed,Matrix,1230,71
SM1_Dzpe,-0.78732115,1.0329038,Matrix,#ff00ed,Matrix,1231,679
VE1_Dzpe,-6.322695,7.8175945,Matrix,#ff00ed,Matrix,1232,1339
VE2_Dzpe,1.4210626,5.1281843,Matrix,#ff00ed,Matrix,1233,1281
VE3_Dzpe,-6.2081146,6.7062216,Matrix,#ff00ed,Matrix,1234,1150
VR1_Dzpe,3.3877842,-3.6195538,Matrix,#ff00ed,Matrix,1235,27
VR2_Dzpe,-7.074573,6.8617964,Matrix,#ff00ed,Matrix,1236,1147
VR3_Dzpe,1.9898616,5.7305417,Matrix,#ff00ed,Matrix,1237,1326
SpAbs_Dzare,6.8550487,-2.9293709,Matrix,#ff00ed,Matrix,1238,69
SpMax_Dzare,6.8855286,-2.896348,Matrix,#ff00ed,Matrix,1239,144
SpDiam_Dzare,6.7908106,-2.6911187,Matrix,#ff00ed,Matrix,1240,255
SpAD_Dzare,6.889351,-2.893217,Matrix,#ff00ed,Matrix,1241,219
SpMAD_Dzare,-7.1892037,7.900643,Matrix,#ff00ed,Matrix,1242,1295
LogEE_Dzare,6.885001,-2.8926501,Matrix,#ff00ed,Matrix,1243,218
SM1_Dzare,-0.7297996,0.9712166,Matrix,#ff00ed,Matrix,1244,606
VE1_Dzare,-6.313514,7.826499,Matrix,#ff00ed,Matrix,1245,1340
VE2_Dzare,1.4082934,5.105608,Matrix,#ff00ed,Matrix,1246,1244
VE3_Dzare,-6.197597,6.7275834,Matrix,#ff00ed,Matrix,1247,1263
VR1_Dzare,3.402648,-3.636825,Matrix,#ff00ed,Matrix,1248,68
VR2_Dzare,-7.0391192,6.803194,Matrix,#ff00ed,Matrix,1249,1073
VR3_Dzare,1.9900212,5.729794,Matrix,#ff00ed,Matrix,1250,1290
SpAbs_Dzp,7.7011566,-2.9180307,Matrix,#ff00ed,Matrix,1251,147
SpMax_Dzp,7.747101,-2.870125,Matrix,#ff00ed,Matrix,1252,332
SpDiam_Dzp,7.719186,-2.9172604,Matrix,#ff00ed,Matrix,1253,184
SpAD_Dzp,7.6930137,-2.9255455,Matrix,#ff00ed,Matrix,1254,73
SpMAD_Dzp,-7.117742,7.8281775,Matrix,#ff00ed,Matrix,1255,1260
LogEE_Dzp,7.7212625,-2.9182985,Matrix,#ff00ed,Matrix,1256,110
SM1_Dzp,-2.142921,3.3020647,Matrix,#ff00ed,Matrix,1257,1193
VE1_Dzp,-6.3349752,7.793455,Matrix,#ff00ed,Matrix,1258,1300
VE2_Dzp,1.4271054,5.1201906,Matrix,#ff00ed,Matrix,1259,1245
VE3_Dzp,-6.189741,6.7231565,Matrix,#ff00ed,Matrix,1260,1226
VR1_Dzp,3.3941453,-3.6392813,Matrix,#ff00ed,Matrix,1261,28
VR2_Dzp,-7.040581,6.8515863,Matrix,#ff00ed,Matrix,1262,1185
VR3_Dzp,2.0225883,5.7691407,Matrix,#ff00ed,Matrix,1263,1329
SpAbs_Dzi,6.8981295,-2.9500282,Matrix,#ff00ed,Matrix,1264,70
SpMax_Dzi,6.859303,-2.9184422,Matrix,#ff00ed,Matrix,1265,106
SpDiam_Dzi,6.820669,-2.7178633,Matrix,#ff00ed,Matrix,1266,293
SpAD_Dzi,6.872906,-2.8956366,Matrix,#ff00ed,Matrix,1267,143
SpMAD_Dzi,-7.185279,7.8987336,Matrix,#ff00ed,Matrix,1268,1296
LogEE_Dzi,6.8797555,-2.8944433,Matrix,#ff00ed,Matrix,1269,181
SM1_Dzi,-0.7377042,0.9496577,Matrix,#ff00ed,Matrix,1270,605
VE1_Dzi,-6.3217964,7.804128,Matrix,#ff00ed,Matrix,1271,1301
VE2_Dzi,1.4105989,5.1528063,Matrix,#ff00ed,Matrix,1272,1318
VE3_Dzi,-6.191624,6.7153344,Matrix,#ff00ed,Matrix,1273,1188
VR1_Dzi,3.4145741,-3.6863098,Matrix,#ff00ed,Matrix,1274,32
VR2_Dzi,-7.0266943,6.8631463,Matrix,#ff00ed,Matrix,1275,1222
VR3_Dzi,2.0354865,5.7799077,Matrix,#ff00ed,Matrix,1276,1330
SpAbs_Dt,3.3885994,-3.473115,Matrix,#ff00ed,Matrix,1277,105
SpMax_Dt,3.3683069,-3.4614859,Matrix,#ff00ed,Matrix,1278,103
SpDiam_Dt,3.3865473,-3.4756832,Matrix,#ff00ed,Matrix,1279,104
SpAD_Dt,3.3976142,-3.439126,Matrix,#ff00ed,Matrix,1280,142
SpMAD_Dt,-7.0185776,6.824108,Matrix,#ff00ed,Matrix,1281,1074
LogEE_Dt,3.3875551,-3.4668696,Matrix,#ff00ed,Matrix,1282,141
VE1_Dt,-6.3396006,7.8086843,Matrix,#ff00ed,Matrix,1283,1299
VE2_Dt,1.4295154,5.134663,Matrix,#ff00ed,Matrix,1284,1283
VE3_Dt,-6.2026587,6.705804,Matrix,#ff00ed,Matrix,1285,1113
VR1_Dt,3.397672,-3.6344876,Matrix,#ff00ed,Matrix,1286,67
VR2_Dt,-7.0500383,6.8871083,Matrix,#ff00ed,Matrix,1287,1221
VR3_Dt,1.9752095,5.7143717,Matrix,#ff00ed,Matrix,1288,1324
DetourIndex,7.702706,-2.9139519,Matrix,#ff00ed,Matrix,1289,258
SpAbs_D,7.0920625,-2.8574135,Matrix,#ff00ed,Matrix,1290,220
SpMax_D,7.1211033,-2.893467,Matrix,#ff00ed,Matrix,1291,109
SpDiam_D,7.102684,-2.8280845,Matrix,#ff00ed,Matrix,1292,257
SpAD_D,7.103367,-2.8826952,Matrix,#ff00ed,Matrix,1293,146
SpMAD_D,-7.1445017,7.8567204,Matrix,#ff00ed,Matrix,1294,1259
LogEE_D,7.0954003,-2.8666909,Matrix,#ff00ed,Matrix,1295,183
VE1_D,-6.3338203,7.808611,Matrix,#ff00ed,Matrix,1296,1338
VE2_D,1.405678,5.158096,Matrix,#ff00ed,Matrix,1297,1317
VE3_D,-6.174422,6.696863,Matrix,#ff00ed,Matrix,1298,1151
VR1_D,3.3850095,-3.6102428,Matrix,#ff00ed,Matrix,1299,66
VR2_D,-7.052878,6.86205,Matrix,#ff00ed,Matrix,1300,1184
VR3_D,2.0080116,5.7515464,Matrix,#ff00ed,Matrix,1301,1292
IC0,3.0016735,1.1543448,InfoContent,#ff0082,InfoContent,1302,517
IC1,2.7645142,1.2611593,InfoContent,#ff0082,InfoContent,1303,588
IC2,2.5114367,1.5616711,InfoContent,#ff0082,InfoContent,1304,697
IC3,2.4221232,1.5752147,InfoContent,#ff0082,InfoContent,1305,734
IC4,2.3513243,1.559449,InfoContent,#ff0082,InfoContent,1306,733
IC5,2.3471825,1.6125396,InfoContent,#ff0082,InfoContent,1307,807
TIC0,0.25449303,-0.5134393,InfoContent,#ff0082,InfoContent,1308,318
TIC1,0.31344384,-0.5930327,InfoContent,#ff0082,InfoContent,1309,282
TIC2,0.3836371,-0.95080185,InfoContent,#ff0082,InfoContent,1310,245
TIC3,0.3672786,-1.1418252,InfoContent,#ff0082,InfoContent,1311,207
TIC4,0.36427677,-1.1961864,InfoContent,#ff0082,InfoContent,1312,169
TIC5,0.39691934,-1.2551396,InfoContent,#ff0082,InfoContent,1313,134
SIC0,2.96415,1.2399752,InfoContent,#ff0082,InfoContent,1314,552
SIC1,2.8583837,1.2498906,InfoContent,#ff0082,InfoContent,1315,589
SIC2,2.7094352,1.5112087,InfoContent,#ff0082,InfoContent,1316,624
SIC3,2.6635091,1.5410364,InfoContent,#ff0082,InfoContent,1317,699
SIC4,2.608826,1.5578179,InfoContent,#ff0082,InfoContent,1318,698
SIC5,2.6787233,1.6308203,InfoContent,#ff0082,InfoContent,1319,772
BIC0,2.9787405,1.2641327,InfoContent,#ff0082,InfoContent,1320,553
BIC1,2.8248591,1.2904452,InfoContent,#ff0082,InfoContent,1321,625
BIC2,2.6644015,1.5398815,InfoContent,#ff0082,InfoContent,1322,661
BIC3,2.6177335,1.5986104,InfoContent,#ff0082,InfoContent,1323,771
BIC4,2.6489146,1.6238515,InfoContent,#ff0082,InfoContent,1324,735
BIC5,2.6713774,1.7270281,InfoContent,#ff0082,InfoContent,1325,808
CIC0,2.0649335,1.5701587,InfoContent,#ff0082,InfoContent,1326,842
CIC1,0.3700151,-1.4339359,InfoContent,#ff0082,InfoContent,1327,97
CIC2,0.255033,-1.6182388,InfoContent,#ff0082,InfoContent,1328,57
CIC3,0.23606116,-1.8235189,InfoContent,#ff0082,InfoContent,1329,21
CIC4,0.15814693,-1.8339478,InfoContent,#ff0082,InfoContent,1330,19
CIC5,0.19666456,-1.7483907,InfoContent,#ff0082,InfoContent,1331,20
MIC0,2.246246,-0.12118967,InfoContent,#ff0082,InfoContent,1332,403
MIC1,2.2558537,-0.13160543,InfoContent,#ff0082,InfoContent,1333,365
MIC2,2.2306318,-0.030534238,InfoContent,#ff0082,InfoContent,1334,402
MIC3,2.2294164,0.003051986,InfoContent,#ff0082,InfoContent,1335,441
MIC4,2.1833014,-0.026179884,InfoContent,#ff0082,InfoContent,1336,400
MIC5,2.2096744,-0.00243181,InfoContent,#ff0082,InfoContent,1337,440
ZMIC0,0.103016846,-0.5172015,InfoContent,#ff0082,InfoContent,1338,279
ZMIC1,-0.05526251,-0.7783194,InfoContent,#ff0082,InfoContent,1339,203
ZMIC2,0.062431972,-0.8438448,InfoContent,#ff0082,InfoContent,1340,166
ZMIC3,0.10586627,-0.8742276,InfoContent,#ff0082,InfoContent,1341,204
ZMIC4,0.15755276,-0.8270233,InfoContent,#ff0082,InfoContent,1342,205
ZMIC5,0.16390176,-0.77868867,InfoContent,#ff0082,InfoContent,1343,242
